record_type,query_id,ring,sector,sc_max_z_m,sc_valid,up_min_z_m,up_valid,down_max_z_m,down_valid,mixed_cell
descriptor_cell,110,0,0,0.015271224672376947,1,,0,0.015271224672376947,1,0
descriptor_cell,110,0,1,2.994989506593,1,2.9934431964323323,1,0.013245966156728847,1,1
descriptor_cell,110,0,2,3.0676091039146756,1,2.9943318515582793,1,0.008542085517327658,1,1
descriptor_cell,110,0,3,0.006609258680387529,1,,0,0.006609258680387529,1,0
descriptor_cell,110,0,4,0.005464768924572231,1,,0,0.005464768924572231,1,0
descriptor_cell,110,0,5,1.9446641057263083,1,,0,1.9446641057263083,1,0
descriptor_cell,110,0,6,1.5638870442908637,1,,0,1.5638870442908637,1,0
descriptor_cell,110,0,7,0.0008943211089124736,1,,0,0.0008943211089124736,1,0
descriptor_cell,110,0,8,3.590010323824885,1,2.997170567223586,1,0.0012336519080883787,1,1
descriptor_cell,110,0,9,3.026802622857397,1,2.949572302514459,1,0.40141577473390855,1,1
descriptor_cell,110,0,10,,0,,0,,0,0
descriptor_cell,110,0,11,,0,,0,,0,0
descriptor_cell,110,0,12,3.0206533658645647,1,2.943253512183434,1,1.1859320402860338,1,1
descriptor_cell,110,0,13,2.9562066759736503,1,2.9473649419909247,1,1.1968320242059534,1,1
descriptor_cell,110,0,14,2.9549064204276285,1,2.94525157194106,1,,0,0
descriptor_cell,110,0,15,,0,,0,,0,0
descriptor_cell,110,0,16,1.2637010214997466,1,,0,1.2637010214997466,1,0
descriptor_cell,110,0,17,2.951496233027707,1,2.951496233027707,1,1.0262833382746812,1,1
descriptor_cell,110,0,18,2.9497703071065535,1,2.9497703071065535,1,,0,0
descriptor_cell,110,0,19,2.9549633431713414,1,2.94387099001471,1,-0.01651580747555782,1,1
descriptor_cell,110,0,20,3.035486287137681,1,2.9470645170062615,1,-0.012919386001672924,1,1
descriptor_cell,110,0,21,3.4677812804582517,1,2.944495215034686,1,-0.00914536081975103,1,1
descriptor_cell,110,0,22,3.502670640703597,1,3.019368621272885,1,-0.00683331420038142,1,1
descriptor_cell,110,0,23,3.545315028398866,1,2.990248423368421,1,-0.005208879837913451,1,1
descriptor_cell,110,0,24,3.679326446316882,1,2.989019406592097,1,-0.002575444551621353,1,1
descriptor_cell,110,0,25,3.5226078087667183,1,2.989814368784826,1,0.0009283650446078788,1,1
descriptor_cell,110,0,26,3.063380181408941,1,2.9938208267110915,1,0.39751989833117957,1,1
descriptor_cell,110,0,27,3.027571827232636,1,2.99370293747682,1,0.0025641734809971435,1,1
descriptor_cell,110,0,28,0.003101580258293345,1,,0,0.003101580258293345,1,0
descriptor_cell,110,0,29,0.0048132138477931215,1,,0,0.0048132138477931215,1,0
descriptor_cell,110,0,30,0.007674925273914996,1,,0,0.007674925273914996,1,0
descriptor_cell,110,0,31,3.9561588361666677,1,2.994365879803176,1,0.004979748646451398,1,1
descriptor_cell,110,0,32,3.9549932650543904,1,2.994344651364079,1,0.009491207243340204,1,1
descriptor_cell,110,0,33,3.677017908939157,1,2.996090017359591,1,0.41000458028769377,1,1
descriptor_cell,110,0,34,3.0265991411694197,1,3.0265991411694197,1,0.015822640249490046,1,1
descriptor_cell,110,0,35,0.015550959189669861,1,,0,0.015550959189669861,1,0
descriptor_cell,110,0,36,0.016974492823672877,1,,0,0.016974492823672877,1,0
descriptor_cell,110,0,37,0.017569592538109555,1,,0,0.017569592538109555,1,0
descriptor_cell,110,0,38,0.0204482184125253,1,,0,0.0204482184125253,1,0
descriptor_cell,110,0,39,,0,,0,,0,0
descriptor_cell,110,0,40,,0,,0,,0,0
descriptor_cell,110,0,41,,0,,0,,0,0
descriptor_cell,110,0,42,,0,,0,,0,0
descriptor_cell,110,0,43,,0,,0,,0,0
descriptor_cell,110,0,44,,0,,0,,0,0
descriptor_cell,110,0,45,2.9809034425966727,1,2.9809034425966727,1,,0,0
descriptor_cell,110,0,46,3.0643159124974573,1,3.0367583779195497,1,,0,0
descriptor_cell,110,0,47,3.049879262962495,1,2.9761346169257457,1,,0,0
descriptor_cell,110,0,48,3.0407070177866813,1,2.9960475312242454,1,,0,0
descriptor_cell,110,0,49,3.0405296867668485,1,2.9945904464090356,1,,0,0
descriptor_cell,110,0,50,3.051184532265853,1,2.9970577625525596,1,0.01841492388926027,1,1
descriptor_cell,110,0,51,3.0506166265891976,1,2.9948951282419682,1,0.019561603856513152,1,1
descriptor_cell,110,0,52,3.039971663605935,1,2.99608901659578,1,0.017702580675767313,1,1
descriptor_cell,110,0,53,3.047137236540606,1,2.997192012521416,1,0.021670930988942735,1,1
descriptor_cell,110,0,54,3.033976208997994,1,2.9978422507158053,1,0.01972500381600466,1,1
descriptor_cell,110,0,55,3.04704208641826,1,2.9967908998987967,1,0.020493547134222523,1,1
descriptor_cell,110,0,56,3.0461493651289886,1,3.0240984463050067,1,0.018884801622326346,1,1
descriptor_cell,110,0,57,4.325456688480455,1,4.325456688480455,1,0.01418882059897036,1,1
descriptor_cell,110,0,58,,0,,0,,0,0
descriptor_cell,110,0,59,0.01742787821079133,1,,0,0.01742787821079133,1,0
descriptor_cell,110,1,0,3.0549915563921908,1,2.998827964005676,1,0.027119301723121464,1,1
descriptor_cell,110,1,1,5.256897229145528,1,2.996961899917133,1,0.0242902966618489,1,1
descriptor_cell,110,1,2,3.8865580040070515,1,2.993624119903314,1,0.02070066061231933,1,1
descriptor_cell,110,1,3,3.0563775938793327,1,2.9920846186234744,1,1.096642548608502,1,1
descriptor_cell,110,1,4,2.0771022863615913,1,,0,2.0771022863615913,1,0
descriptor_cell,110,1,5,2.565802754234184,1,2.328458076505322,1,2.083356818291648,1,1
descriptor_cell,110,1,6,,0,,0,,0,0
descriptor_cell,110,1,7,1.7811112025623013,1,,0,1.7811112025623013,1,0
descriptor_cell,110,1,8,2.0813992465669573,1,,0,2.0813992465669573,1,0
descriptor_cell,110,1,9,2.9569092399446943,1,2.1313009926017363,1,1.8540658483373047,1,1
descriptor_cell,110,1,10,2.954449795066817,1,2.951536387827217,1,1.176958745481272,1,1
descriptor_cell,110,1,11,1.0955653984177975,1,,0,1.0955653984177975,1,0
descriptor_cell,110,1,12,1.1294618640572496,1,,0,1.1294618640572496,1,0
descriptor_cell,110,1,13,2.953931965053244,1,2.950371499284654,1,1.105416297507113,1,1
descriptor_cell,110,1,14,3.359941187500228,1,2.9568446281037866,1,1.1318195817746481,1,1
descriptor_cell,110,1,15,2.9587883712065284,1,2.956507963406233,1,1.1526310665727921,1,1
descriptor_cell,110,1,16,2.959885670609896,1,2.959757949606838,1,1.1143680075049236,1,1
descriptor_cell,110,1,17,2.959870864999398,1,2.9576842034501922,1,1.145877213216342,1,1
descriptor_cell,110,1,18,2.959651974786048,1,2.9596346169281436,1,1.0688339064766301,1,1
descriptor_cell,110,1,19,2.9618829078754363,1,2.9583051131986706,1,1.0893276121522988,1,1
descriptor_cell,110,1,20,2.957756463444438,1,2.937820911400529,1,1.11415796957097,1,1
descriptor_cell,110,1,21,3.6230342480007423,1,2.932484925569859,1,1.1171102516044373,1,1
descriptor_cell,110,1,22,3.022996443807748,1,2.9297380758289404,1,1.1125886595400134,1,1
descriptor_cell,110,1,23,3.4889969013867703,1,2.9206821340218565,1,1.108066439927886,1,1
descriptor_cell,110,1,24,3.534161859367983,1,2.9276134566477032,1,-0.006591586220481375,1,1
descriptor_cell,110,1,25,3.523327912198006,1,2.921293205950107,1,-0.004775402477664747,1,1
descriptor_cell,110,1,26,3.064839301531403,1,2.978925318919791,1,0.001374685083090876,1,1
descriptor_cell,110,1,27,5.1911095066730475,1,2.9872792473180443,1,0.0034296616884785134,1,1
descriptor_cell,110,1,28,3.0655970951572487,1,3.022639586448409,1,0.007820086400520105,1,1
descriptor_cell,110,1,29,3.0439603305603624,1,2.9968009986765036,1,0.009008566748939767,1,1
descriptor_cell,110,1,30,3.0465169838088766,1,2.9902553804375054,1,0.009309698141358489,1,1
descriptor_cell,110,1,31,4.608761219411655,1,2.9888295368394715,1,0.014703114723677463,1,1
descriptor_cell,110,1,32,3.0446102988017287,1,2.98369206271268,1,0.016140941951129438,1,1
descriptor_cell,110,1,33,4.088836239188749,1,2.971431543560902,1,0.019001397167603556,1,1
descriptor_cell,110,1,34,3.048814235893722,1,2.995421403534186,1,0.021169759049033066,1,1
descriptor_cell,110,1,35,0.0272158367447967,1,,0,0.0272158367447967,1,0
descriptor_cell,110,1,36,0.03256458312173755,1,,0,0.03256458312173755,1,0
descriptor_cell,110,1,37,3.0851007161131823,1,3.0639994619373354,1,0.028562830032455935,1,1
descriptor_cell,110,1,38,3.1024794415571453,1,3.081020387540919,1,0.02967716523101559,1,1
descriptor_cell,110,1,39,3.565649940947756,1,2.2275604816100234,1,1.9016928808115112,1,1
descriptor_cell,110,1,40,3.601040132411787,1,2.122315935344037,1,1.8781282506129668,1,1
descriptor_cell,110,1,41,3.803655299492654,1,2.341420117906323,1,2.0649589755939264,1,1
descriptor_cell,110,1,42,4.1508093973522895,1,2.3971107424127394,1,2.0720624005046164,1,1
descriptor_cell,110,1,43,4.530413524226233,1,3.0217564323649118,1,0.03466164100297653,1,1
descriptor_cell,110,1,44,5.280052871121064,1,3.0200250515033193,1,,0,0
descriptor_cell,110,1,45,4.1693283268389525,1,3.018844808605484,1,,0,0
descriptor_cell,110,1,46,4.171321829114049,1,2.9911585865228227,1,,0,0
descriptor_cell,110,1,47,4.176992565029899,1,3.0325479559788575,1,0.03364616079934951,1,1
descriptor_cell,110,1,48,4.684574784328305,1,2.999506801713929,1,0.03620773264818404,1,1
descriptor_cell,110,1,49,4.684882810131787,1,3.043600134040758,1,0.0389864476939107,1,1
descriptor_cell,110,1,50,5.252419596001506,1,2.999926274776273,1,0.039079712788777726,1,1
descriptor_cell,110,1,51,4.117918022219705,1,3.037458396590364,1,0.03812138022859865,1,1
descriptor_cell,110,1,52,3.0805933001590646,1,3.0316904103506843,1,0.035429194962614784,1,1
descriptor_cell,110,1,53,3.079165815017629,1,3.0361356470584315,1,0.043956108851730936,1,1
descriptor_cell,110,1,54,3.0724115558327187,1,3.0367255750561277,1,0.03554290191836638,1,1
descriptor_cell,110,1,55,3.0749926814088004,1,3.03244145909215,1,0.03269992813454844,1,1
descriptor_cell,110,1,56,3.8747663654242803,1,3.0312906358462253,1,0.029790367781239762,1,1
descriptor_cell,110,1,57,3.0678217459524704,1,3.0148895846924324,1,0.03475858345443903,1,1
descriptor_cell,110,1,58,3.079236025800587,1,3.03578624959234,1,0.032556750144776526,1,1
descriptor_cell,110,1,59,3.055772101872324,1,2.997353727868213,1,0.02728560517555792,1,1
descriptor_cell,110,2,0,3.08802689494382,1,2.9959980853820833,1,0.038609127387367013,1,1
descriptor_cell,110,2,1,3.0888824867346223,1,2.995239775885025,1,0.0345010911440774,1,1
descriptor_cell,110,2,2,3.079762528862744,1,2.98091304267414,1,0.029621999119209583,1,1
descriptor_cell,110,2,3,3.0792730907335764,1,2.9539039906029565,1,0.029455624122543687,1,1
descriptor_cell,110,2,4,,0,,0,,0,0
descriptor_cell,110,2,5,,0,,0,,0,0
descriptor_cell,110,2,6,,0,,0,,0,0
descriptor_cell,110,2,7,,0,,0,,0,0
descriptor_cell,110,2,8,,0,,0,,0,0
descriptor_cell,110,2,9,,0,,0,,0,0
descriptor_cell,110,2,10,,0,,0,,0,0
descriptor_cell,110,2,11,,0,,0,,0,0
descriptor_cell,110,2,12,,0,,0,,0,0
descriptor_cell,110,2,13,0.9705079555599833,1,,0,0.9705079555599833,1,0
descriptor_cell,110,2,14,0.7898251645916136,1,,0,0.7898251645916136,1,0
descriptor_cell,110,2,15,0.6105924293121154,1,,0,0.6105924293121154,1,0
descriptor_cell,110,2,16,1.2198949032207806,1,,0,1.2198949032207806,1,0
descriptor_cell,110,2,17,0.831153020339492,1,,0,0.831153020339492,1,0
descriptor_cell,110,2,18,0.6069617192280714,1,,0,0.6069617192280714,1,0
descriptor_cell,110,2,19,1.0438886765098272,1,,0,1.0438886765098272,1,0
descriptor_cell,110,2,20,2.5187092529178194,1,2.1497898873341046,1,1.969589173200243,1,1
descriptor_cell,110,2,21,3.103884067747353,1,3.103884067747353,1,2.0983563731587256,1,1
descriptor_cell,110,2,22,2.16392095062131,1,2.16392095062131,1,1.9260374942218668,1,1
descriptor_cell,110,2,23,,0,,0,,0,0
descriptor_cell,110,2,24,2.9776121847848476,1,2.965969682742457,1,1.116054149677223,1,1
descriptor_cell,110,2,25,3.006192264667368,1,2.937722174440485,1,1.1287638985616546,1,1
descriptor_cell,110,2,26,3.0298588520274863,1,2.914892803893597,1,1.0059032136607415,1,1
descriptor_cell,110,2,27,3.055846600854763,1,2.8987073022550893,1,1.334347553293567,1,1
descriptor_cell,110,2,28,3.057756559443294,1,2.1532481112747,1,2.0890520437079334,1,1
descriptor_cell,110,2,29,3.058964791723509,1,2.9733338883052487,1,1.1369643041552826,1,1
descriptor_cell,110,2,30,3.06218864912791,1,2.9697114877902093,1,1.534023526342978,1,1
descriptor_cell,110,2,31,3.065906417903497,1,2.9719957480915222,1,0.019055698445657836,1,1
descriptor_cell,110,2,32,3.0641731316312995,1,2.9722363153576206,1,0.025894203782449967,1,1
descriptor_cell,110,2,33,3.065854052537965,1,2.980857418439337,1,0.026094050871580003,1,1
descriptor_cell,110,2,34,3.078971235081274,1,2.9817599117466966,1,0.03231461696345722,1,1
descriptor_cell,110,2,35,3.0983916646162863,1,2.4158277474208396,1,1.0686744997459652,1,1
descriptor_cell,110,2,36,3.145521828459132,1,2.144356846420116,1,2.0924165379612045,1,1
descriptor_cell,110,2,37,3.12400623160814,1,2.1991013943314353,1,2.0907666444601665,1,1
descriptor_cell,110,2,38,3.255853630431693,1,2.2115719205765916,1,1.9308986641936765,1,1
descriptor_cell,110,2,39,3.5432850439838823,1,2.219393790789237,1,1.8912341769058254,1,1
descriptor_cell,110,2,40,,0,,0,,0,0
descriptor_cell,110,2,41,,0,,0,,0,0
descriptor_cell,110,2,42,4.412707522831739,1,2.7139916693017745,1,1.9032506603576393,1,1
descriptor_cell,110,2,43,5.275372603468863,1,2.480368644492989,1,2.0841586149069844,1,1
descriptor_cell,110,2,44,5.278474329866604,1,3.0379764839873613,1,0.05372484683628473,1,1
descriptor_cell,110,2,45,4.196156941995674,1,3.0406415809502914,1,,0,0
descriptor_cell,110,2,46,4.187026552688785,1,3.0492104268362175,1,0.04298569278746281,1,1
descriptor_cell,110,2,47,4.626751677519668,1,2.40531453843225,1,2.0493427096829535,1,1
descriptor_cell,110,2,48,5.1470574447159,1,2.1069667147858397,1,2.0948802584615756,1,1
descriptor_cell,110,2,49,4.463491796970205,1,2.137138661678161,1,2.070969406938028,1,1
descriptor_cell,110,2,50,4.5788413379958275,1,2.189395941449296,1,0.8926948885836072,1,1
descriptor_cell,110,2,51,4.501907935697426,1,2.1979516335151463,1,0.9310286429290888,1,1
descriptor_cell,110,2,52,5.290161434011648,1,2.186696597588873,1,0.8998996280977687,1,1
descriptor_cell,110,2,53,3.1011578530762782,1,3.046724074787176,1,0.8663406960156994,1,1
descriptor_cell,110,2,54,3.0971498110450693,1,3.050607094571122,1,0.05900766988334939,1,1
descriptor_cell,110,2,55,3.0847314697381525,1,3.050302064837501,1,0.05648498168143576,1,1
descriptor_cell,110,2,56,3.078198992621649,1,3.0263785638637053,1,0.056316506350865395,1,1
descriptor_cell,110,2,57,3.928513059742403,1,3.026434310721502,1,0.04696880064658837,1,1
descriptor_cell,110,2,58,3.081520819478678,1,2.9838220889877793,1,0.04183960788904078,1,1
descriptor_cell,110,2,59,3.0862915255745667,1,3.0326281591296316,1,0.03861798476310015,1,1
descriptor_cell,110,3,0,3.089492480024589,1,2.9906796581717385,1,,0,0
descriptor_cell,110,3,1,3.089701190050519,1,2.9857177865209894,1,,0,0
descriptor_cell,110,3,2,3.1334889683813465,1,2.9030715019313997,1,,0,0
descriptor_cell,110,3,3,3.0187401679443684,1,2.9739932227596095,1,1.237021228885146,1,1
descriptor_cell,110,3,4,,0,,0,,0,0
descriptor_cell,110,3,5,,0,,0,,0,0
descriptor_cell,110,3,6,,0,,0,,0,0
descriptor_cell,110,3,7,,0,,0,,0,0
descriptor_cell,110,3,8,,0,,0,,0,0
descriptor_cell,110,3,9,,0,,0,,0,0
descriptor_cell,110,3,10,,0,,0,,0,0
descriptor_cell,110,3,11,,0,,0,,0,0
descriptor_cell,110,3,12,,0,,0,,0,0
descriptor_cell,110,3,13,8.998069042222397,1,8.998069042222397,1,,0,0
descriptor_cell,110,3,14,9.033594421510536,1,8.983674375005013,1,,0,0
descriptor_cell,110,3,15,9.034927287424651,1,8.972208029113109,1,,0,0
descriptor_cell,110,3,16,8.97746241325688,1,8.956309845492859,1,,0,0
descriptor_cell,110,3,17,8.979699690430618,1,8.959316050214902,1,,0,0
descriptor_cell,110,3,18,,0,,0,,0,0
descriptor_cell,110,3,19,,0,,0,,0,0
descriptor_cell,110,3,20,2.8145402448711043,1,2.8145402448711043,1,,0,0
descriptor_cell,110,3,21,3.0804058882232117,1,3.0804058882232117,1,,0,0
descriptor_cell,110,3,22,3.041793711755661,1,2.1247074313212932,1,2.0615488763843746,1,1
descriptor_cell,110,3,23,3.6553045398888373,1,2.130724100774792,1,2.096738880212152,1,1
descriptor_cell,110,3,24,4.308595928447253,1,2.101242625231258,1,2.0960917505726555,1,1
descriptor_cell,110,3,25,,0,,0,,0,0
descriptor_cell,110,3,26,2.956402189641474,1,2.1037790251791724,1,1.9704054780330031,1,1
descriptor_cell,110,3,27,2.8744203381021722,1,2.1184236887481145,1,2.077200638503146,1,1
descriptor_cell,110,3,28,3.0529696625951788,1,2.109970339557994,1,2.039833980280857,1,1
descriptor_cell,110,3,29,3.0562860161658065,1,2.9537745051764546,1,,0,0
descriptor_cell,110,3,30,3.0579979715839687,1,2.9584995831901666,1,,0,0
descriptor_cell,110,3,31,3.0647694450448935,1,2.958428739833607,1,,0,0
descriptor_cell,110,3,32,4.174692766509228,1,2.9726603364300663,1,,0,0
descriptor_cell,110,3,33,3.073401210177137,1,2.9723284299684636,1,0.04099081750429204,1,1
descriptor_cell,110,3,34,3.1744105633158672,1,2.1181900114154844,1,2.0686582963236004,1,1
descriptor_cell,110,3,35,3.1616907357938335,1,2.3518922247751073,1,1.1451546622803983,1,1
descriptor_cell,110,3,36,,0,,0,,0,0
descriptor_cell,110,3,37,,0,,0,,0,0
descriptor_cell,110,3,38,,0,,0,,0,0
descriptor_cell,110,3,39,,0,,0,,0,0
descriptor_cell,110,3,40,,0,,0,,0,0
descriptor_cell,110,3,41,,0,,0,,0,0
descriptor_cell,110,3,42,0.17744888647992169,1,,0,0.17744888647992169,1,0
descriptor_cell,110,3,43,5.305586467131694,1,2.1027120411204354,1,1.8608776800253117,1,1
descriptor_cell,110,3,44,5.291827669215678,1,3.0684002519990163,1,0.05462957688010917,1,1
descriptor_cell,110,3,45,4.187392396291048,1,3.0667109197746436,1,0.05529150030050238,1,1
descriptor_cell,110,3,46,4.206950395318763,1,3.074919066863637,1,0.05120800804658333,1,1
descriptor_cell,110,3,47,5.3024143550835605,1,2.1068139442364497,1,2.003588861565838,1,1
descriptor_cell,110,3,48,4.5556745079469,1,3.903477107645335,1,,0,0
descriptor_cell,110,3,49,4.23810762657144,1,2.1142101527294277,1,1.894154951972401,1,1
descriptor_cell,110,3,50,3.1252844119250582,1,2.114659992130384,1,2.088270230118033,1,1
descriptor_cell,110,3,51,3.114401929418163,1,2.1204736922504552,1,2.079181723781072,1,1
descriptor_cell,110,3,52,3.1133022495734695,1,2.106413246463098,1,1.8728089728230095,1,1
descriptor_cell,110,3,53,3.1227339652409043,1,2.1061255233303986,1,2.088553976874974,1,1
descriptor_cell,110,3,54,3.118284642089991,1,2.1667816255399037,1,0.9708276118694222,1,1
descriptor_cell,110,3,55,3.1150602334461985,1,3.032210209079638,1,0.5247120460843085,1,1
descriptor_cell,110,3,56,3.1178459067254165,1,3.016166205909629,1,,0,0
descriptor_cell,110,3,57,3.1129809378223934,1,3.011891525148748,1,,0,0
descriptor_cell,110,3,58,3.87080593389454,1,3.0056488739979574,1,,0,0
descriptor_cell,110,3,59,3.088978865486069,1,2.999958491719323,1,,0,0
descriptor_cell,110,4,0,3.1088532389318675,1,2.9747963652079625,1,1.9111274387804749,1,1
descriptor_cell,110,4,1,3.109294003766763,1,2.126470814783159,1,1.8543779007949923,1,1
descriptor_cell,110,4,2,3.059216817974952,1,2.110255962631612,1,2.0807348686056573,1,1
descriptor_cell,110,4,3,3.3547648015230265,1,3.0480937747246992,1,1.1909172766619476,1,1
descriptor_cell,110,4,4,,0,,0,,0,0
descriptor_cell,110,4,5,,0,,0,,0,0
descriptor_cell,110,4,6,,0,,0,,0,0
descriptor_cell,110,4,7,,0,,0,,0,0
descriptor_cell,110,4,8,,0,,0,,0,0
descriptor_cell,110,4,9,,0,,0,,0,0
descriptor_cell,110,4,10,,0,,0,,0,0
descriptor_cell,110,4,11,9.03025488585867,1,9.01649026697614,1,,0,0
descriptor_cell,110,4,12,9.019089460731522,1,8.91376600218924,1,,0,0
descriptor_cell,110,4,13,9.025286663200422,1,8.914459403951318,1,,0,0
descriptor_cell,110,4,14,9.04701496246358,1,8.90929491006164,1,,0,0
descriptor_cell,110,4,15,9.025886882930044,1,8.928154747369192,1,,0,0
descriptor_cell,110,4,16,9.003169865826889,1,8.930898634466296,1,,0,0
descriptor_cell,110,4,17,8.989633458448239,1,8.928823021212128,1,,0,0
descriptor_cell,110,4,18,9.004030027499802,1,8.911582577455741,1,,0,0
descriptor_cell,110,4,19,9.11079737230341,1,8.91149246651511,1,,0,0
descriptor_cell,110,4,20,,0,,0,,0,0
descriptor_cell,110,4,21,,0,,0,,0,0
descriptor_cell,110,4,22,,0,,0,,0,0
descriptor_cell,110,4,23,,0,,0,,0,0
descriptor_cell,110,4,24,4.905748901992913,1,2.1288411004301393,1,1.9886816368326896,1,1
descriptor_cell,110,4,25,4.99057922252542,1,2.3000981576105537,1,,0,0
descriptor_cell,110,4,26,0.4859036477621048,1,,0,0.4859036477621048,1,0
descriptor_cell,110,4,27,,0,,0,,0,0
descriptor_cell,110,4,28,3.0699795384312356,1,2.9497647845574986,1,,0,0
descriptor_cell,110,4,29,3.078902514191238,1,2.931323196592532,1,,0,0
descriptor_cell,110,4,30,3.0773307728079904,1,2.9366931133241176,1,,0,0
descriptor_cell,110,4,31,4.170593718800149,1,2.9440282553714545,1,,0,0
descriptor_cell,110,4,32,3.0878126823796332,1,2.929977668706386,1,,0,0
descriptor_cell,110,4,33,3.1585396608014498,1,2.1002160708318534,1,2.0865851818092827,1,1
descriptor_cell,110,4,34,3.143512994984699,1,2.124250141877718,1,2.0548783214836055,1,1
descriptor_cell,110,4,35,,0,,0,,0,0
descriptor_cell,110,4,36,,0,,0,,0,0
descriptor_cell,110,4,37,,0,,0,,0,0
descriptor_cell,110,4,38,,0,,0,,0,0
descriptor_cell,110,4,39,,0,,0,,0,0
descriptor_cell,110,4,40,,0,,0,,0,0
descriptor_cell,110,4,41,,0,,0,,0,0
descriptor_cell,110,4,42,,0,,0,,0,0
descriptor_cell,110,4,43,3.1216549921563037,1,3.0854526524909964,1,,0,0
descriptor_cell,110,4,44,5.329973110869367,1,3.0725117371931505,1,0.0814542766870897,1,1
descriptor_cell,110,4,45,3.103619402929682,1,3.0766588400460777,1,0.0606362992002128,1,1
descriptor_cell,110,4,46,3.1007391241545617,1,2.1270377140786896,1,1.923649319606554,1,1
descriptor_cell,110,4,47,3.076900018753095,1,2.1238288217570016,1,2.0622267552844042,1,1
descriptor_cell,110,4,48,,0,,0,,0,0
descriptor_cell,110,4,49,,0,,0,,0,0
descriptor_cell,110,4,50,,0,,0,,0,0
descriptor_cell,110,4,51,,0,,0,,0,0
descriptor_cell,110,4,52,,0,,0,,0,0
descriptor_cell,110,4,53,3.1111976268278845,1,2.1059548565500212,1,2.031709660383814,1,1
descriptor_cell,110,4,54,3.1275276298356123,1,2.122368301583089,1,2.0923259066473556,1,1
descriptor_cell,110,4,55,3.1272571345356095,1,2.192366499411252,1,2.086390821533004,1,1
descriptor_cell,110,4,56,3.1312631445472037,1,3.010380600854533,1,,0,0
descriptor_cell,110,4,57,3.1172964740291116,1,2.9999215162835737,1,,0,0
descriptor_cell,110,4,58,3.113427388263669,1,2.9916661780273968,1,,0,0
descriptor_cell,110,4,59,3.1192661149519227,1,2.984035704008886,1,,0,0
descriptor_cell,110,5,0,3.123945861385521,1,2.9741310028233694,1,,0,0
descriptor_cell,110,5,1,3.1189232225770387,1,2.966847962735631,1,,0,0
descriptor_cell,110,5,2,3.0714282581524945,1,3.0539438509133445,1,,0,0
descriptor_cell,110,5,3,3.0675611241080922,1,3.0424250153936545,1,,0,0
descriptor_cell,110,5,4,,0,,0,,0,0
descriptor_cell,110,5,5,,0,,0,,0,0
descriptor_cell,110,5,6,,0,,0,,0,0
descriptor_cell,110,5,7,,0,,0,,0,0
descriptor_cell,110,5,8,,0,,0,,0,0
descriptor_cell,110,5,9,9.055499470418354,1,8.876470068931978,1,,0,0
descriptor_cell,110,5,10,9.035651195697604,1,8.906873848036271,1,,0,0
descriptor_cell,110,5,11,9.025953101449423,1,8.875123582522347,1,,0,0
descriptor_cell,110,5,12,9.023585653056188,1,8.887267757065654,1,,0,0
descriptor_cell,110,5,13,9.021250480415915,1,8.898954827690066,1,,0,0
descriptor_cell,110,5,14,9.03440545881657,1,8.907291739813857,1,,0,0
descriptor_cell,110,5,15,9.02188022225808,1,8.877816256248508,1,,0,0
descriptor_cell,110,5,16,8.958312949334823,1,8.902905134029295,1,,0,0
descriptor_cell,110,5,17,8.960368706990138,1,8.8918026173005,1,,0,0
descriptor_cell,110,5,18,9.202217699450767,1,8.915236872901652,1,,0,0
descriptor_cell,110,5,19,10.669265753859703,1,9.211865718370122,1,,0,0
descriptor_cell,110,5,20,12.368377880358617,1,3.6968210353521394,1,,0,0
descriptor_cell,110,5,21,,0,,0,,0,0
descriptor_cell,110,5,22,,0,,0,,0,0
descriptor_cell,110,5,23,5.833138338500412,1,5.674866061842963,1,,0,0
descriptor_cell,110,5,24,6.048999280273428,1,5.814911329842377,1,,0,0
descriptor_cell,110,5,25,4.866081733580027,1,3.3316089883385303,1,,0,0
descriptor_cell,110,5,26,5.25029638426378,1,3.4808676783780097,1,,0,0
descriptor_cell,110,5,27,,0,,0,,0,0
descriptor_cell,110,5,28,3.022806639309481,1,2.901760591058945,1,,0,0
descriptor_cell,110,5,29,3.040719918636715,1,2.9053823474302614,1,,0,0
descriptor_cell,110,5,30,3.0366059938672074,1,2.891388165619458,1,,0,0
descriptor_cell,110,5,31,3.0521379199291223,1,2.8733374013149957,1,,0,0
descriptor_cell,110,5,32,3.0455023530600513,1,2.1020095706801243,1,2.0748297118702057,1,1
descriptor_cell,110,5,33,3.009631944299385,1,2.1135980087687605,1,2.0840662090226103,1,1
descriptor_cell,110,5,34,,0,,0,,0,0
descriptor_cell,110,5,35,3.165216014051225,1,3.165216014051225,1,,0,0
descriptor_cell,110,5,36,,0,,0,,0,0
descriptor_cell,110,5,37,,0,,0,,0,0
descriptor_cell,110,5,38,,0,,0,,0,0
descriptor_cell,110,5,39,,0,,0,,0,0
descriptor_cell,110,5,40,,0,,0,,0,0
descriptor_cell,110,5,41,,0,,0,,0,0
descriptor_cell,110,5,42,,0,,0,,0,0
descriptor_cell,110,5,43,,0,,0,,0,0
descriptor_cell,110,5,44,3.212950234294241,1,2.1273756522000737,1,1.9530690190128042,1,1
descriptor_cell,110,5,45,3.1232967914751217,1,3.0910339807699914,1,,0,0
descriptor_cell,110,5,46,3.111498223919082,1,2.142294849491327,1,1.9983565489722912,1,1
descriptor_cell,110,5,47,,0,,0,,0,0
descriptor_cell,110,5,48,,0,,0,,0,0
descriptor_cell,110,5,49,,0,,0,,0,0
descriptor_cell,110,5,50,,0,,0,,0,0
descriptor_cell,110,5,51,,0,,0,,0,0
descriptor_cell,110,5,52,,0,,0,,0,0
descriptor_cell,110,5,53,3.0674609727840636,1,3.0674609727840636,1,,0,0
descriptor_cell,110,5,54,3.0943211485206015,1,2.9715923409562235,1,,0,0
descriptor_cell,110,5,55,3.123131780446726,1,2.1361690160438145,1,1.885953863247863,1,1
descriptor_cell,110,5,56,3.1209914189724155,1,3.0148739751656684,1,1.855645969815691,1,1
descriptor_cell,110,5,57,3.126525587914973,1,3.0019221024892118,1,,0,0
descriptor_cell,110,5,58,3.12060384614183,1,2.991328131541432,1,,0,0
descriptor_cell,110,5,59,3.1268537332969126,1,2.981066166176449,1,,0,0
descriptor_cell,110,6,0,3.102703821766545,1,2.9284411782939754,1,,0,0
descriptor_cell,110,6,1,3.0990128182096837,1,2.9115997382661187,1,,0,0
descriptor_cell,110,6,2,,0,,0,,0,0
descriptor_cell,110,6,3,,0,,0,,0,0
descriptor_cell,110,6,4,,0,,0,,0,0
descriptor_cell,110,6,5,,0,,0,,0,0
descriptor_cell,110,6,6,,0,,0,,0,0
descriptor_cell,110,6,7,,0,,0,,0,0
descriptor_cell,110,6,8,,0,,0,,0,0
descriptor_cell,110,6,9,9.045198187655842,1,8.886188017296927,1,,0,0
descriptor_cell,110,6,10,9.038492323773959,1,8.911485906160818,1,,0,0
descriptor_cell,110,6,11,9.025387819062276,1,8.877024401432699,1,,0,0
descriptor_cell,110,6,12,9.02311953404181,1,8.859185765178859,1,,0,0
descriptor_cell,110,6,13,9.013181948439902,1,8.854979700507405,1,,0,0
descriptor_cell,110,6,14,9.011400799823635,1,8.87080718612447,1,,0,0
descriptor_cell,110,6,15,8.992937000958639,1,8.874130304095242,1,,0,0
descriptor_cell,110,6,16,8.954655659132126,1,8.893909411430787,1,,0,0
descriptor_cell,110,6,17,8.941067555118082,1,8.873166663013038,1,,0,0
descriptor_cell,110,6,18,8.928290900272248,1,8.928290900272248,1,,0,0
descriptor_cell,110,6,19,13.013873687854499,1,4.927946998303601,1,,0,0
descriptor_cell,110,6,20,12.795521301268769,1,3.6812585518343837,1,,0,0
descriptor_cell,110,6,21,11.624440871005731,1,4.612644665252228,1,,0,0
descriptor_cell,110,6,22,,0,,0,,0,0
descriptor_cell,110,6,23,,0,,0,,0,0
descriptor_cell,110,6,24,6.553589343587923,1,5.704116517118915,1,,0,0
descriptor_cell,110,6,25,3.750948616229357,1,2.89294105702223,1,,0,0
descriptor_cell,110,6,26,4.487895326102322,1,2.8458523091059558,1,,0,0
descriptor_cell,110,6,27,,0,,0,,0,0
descriptor_cell,110,6,28,3.0166118975596636,1,2.135507422186773,1,1.976612084431537,1,1
descriptor_cell,110,6,29,3.048762219524133,1,2.1216551673359785,1,2.0728163312892294,1,1
descriptor_cell,110,6,30,3.058687609315282,1,2.8723041420914974,1,,0,0
descriptor_cell,110,6,31,3.0717049575396893,1,2.8518617691920616,1,,0,0
descriptor_cell,110,6,32,3.144830501449952,1,2.138430418443147,1,1.498581694439303,1,1
descriptor_cell,110,6,33,,0,,0,,0,0
descriptor_cell,110,6,34,3.146911881868214,1,3.146911881868214,1,,0,0
descriptor_cell,110,6,35,,0,,0,,0,0
descriptor_cell,110,6,36,,0,,0,,0,0
descriptor_cell,110,6,37,,0,,0,,0,0
descriptor_cell,110,6,38,,0,,0,,0,0
descriptor_cell,110,6,39,,0,,0,,0,0
descriptor_cell,110,6,40,,0,,0,,0,0
descriptor_cell,110,6,41,,0,,0,,0,0
descriptor_cell,110,6,42,,0,,0,,0,0
descriptor_cell,110,6,43,,0,,0,,0,0
descriptor_cell,110,6,44,3.2617596244127007,1,2.2191783609979234,1,2.0486689729814076,1,1
descriptor_cell,110,6,45,3.1333710489170117,1,3.099790870775289,1,,0,0
descriptor_cell,110,6,46,3.13160469675065,1,2.1020917288103615,1,1.9408232205014273,1,1
descriptor_cell,110,6,47,,0,,0,,0,0
descriptor_cell,110,6,48,,0,,0,,0,0
descriptor_cell,110,6,49,,0,,0,,0,0
descriptor_cell,110,6,50,,0,,0,,0,0
descriptor_cell,110,6,51,,0,,0,,0,0
descriptor_cell,110,6,52,,0,,0,,0,0
descriptor_cell,110,6,53,3.0468702424666994,1,3.0468702424666994,1,,0,0
descriptor_cell,110,6,54,3.163816736233681,1,3.163816736233681,1,,0,0
descriptor_cell,110,6,55,3.156366738345283,1,3.018880350333982,1,,0,0
descriptor_cell,110,6,56,3.0885472933096043,1,2.1059176006410576,1,2.0379869686983545,1,1
descriptor_cell,110,6,57,3.021205406977152,1,2.19906157658103,1,2.0124169934232605,1,1
descriptor_cell,110,6,58,3.111419837463858,1,2.9561607005413877,1,,0,0
descriptor_cell,110,6,59,3.1058255521635,1,2.9449356935790396,1,,0,0
descriptor_cell,110,7,0,2.9628583684942456,1,2.9329288800728475,1,,0,0
descriptor_cell,110,7,1,,0,,0,,0,0
descriptor_cell,110,7,2,3.117845771990641,1,3.1057218583784594,1,,0,0
descriptor_cell,110,7,3,3.0672659738851205,1,3.06071189140469,1,,0,0
descriptor_cell,110,7,4,,0,,0,,0,0
descriptor_cell,110,7,5,,0,,0,,0,0
descriptor_cell,110,7,6,,0,,0,,0,0
descriptor_cell,110,7,7,,0,,0,,0,0
descriptor_cell,110,7,8,4.611161690922035,1,4.611161690922035,1,,0,0
descriptor_cell,110,7,9,9.05179922487898,1,4.328241135252943,1,,0,0
descriptor_cell,110,7,10,9.053554962996362,1,8.840525681977814,1,,0,0
descriptor_cell,110,7,11,9.052192372091938,1,8.865627914442657,1,,0,0
descriptor_cell,110,7,12,9.020488447551598,1,8.869894470515613,1,,0,0
descriptor_cell,110,7,13,8.98531166435189,1,8.853089312058223,1,-1.256556341610502,1,1
descriptor_cell,110,7,14,8.95552923349085,1,8.859220127072707,1,-0.9994264673515695,1,1
descriptor_cell,110,7,15,9.012766192753592,1,8.852463222557091,1,,0,0
descriptor_cell,110,7,16,8.946196806487285,1,8.861181727264952,1,1.3046252760877253,1,1
descriptor_cell,110,7,17,8.947075960899427,1,8.843860647584043,1,1.6137775457510093,1,1
descriptor_cell,110,7,18,14.404844537039136,1,14.404844537039136,1,,0,0
descriptor_cell,110,7,19,14.429339023236842,1,14.368422676239996,1,,0,0
descriptor_cell,110,7,20,,0,,0,,0,0
descriptor_cell,110,7,21,14.386025868901987,1,14.33832769883579,1,,0,0
descriptor_cell,110,7,22,14.383490464595775,1,14.383490464595775,1,,0,0
descriptor_cell,110,7,23,,0,,0,,0,0
descriptor_cell,110,7,24,8.870355742031093,1,3.1887935438133805,1,,0,0
descriptor_cell,110,7,25,8.572272875642387,1,2.7349450676124505,1,,0,0
descriptor_cell,110,7,26,2.8564651245044637,1,2.618735862983037,1,,0,0
descriptor_cell,110,7,27,,0,,0,,0,0
descriptor_cell,110,7,28,,0,,0,,0,0
descriptor_cell,110,7,29,3.060823550989993,1,2.8590281754639113,1,,0,0
descriptor_cell,110,7,30,3.048846227217462,1,2.8613410309818765,1,,0,0
descriptor_cell,110,7,31,3.0693023818087024,1,3.0517461564568937,1,,0,0
descriptor_cell,110,7,32,3.0477967438588602,1,2.2479827316121916,1,1.6247584889947406,1,1
descriptor_cell,110,7,33,,0,,0,,0,0
descriptor_cell,110,7,34,,0,,0,,0,0
descriptor_cell,110,7,35,,0,,0,,0,0
descriptor_cell,110,7,36,,0,,0,,0,0
descriptor_cell,110,7,37,,0,,0,,0,0
descriptor_cell,110,7,38,,0,,0,,0,0
descriptor_cell,110,7,39,,0,,0,,0,0
descriptor_cell,110,7,40,,0,,0,,0,0
descriptor_cell,110,7,41,,0,,0,,0,0
descriptor_cell,110,7,42,,0,,0,,0,0
descriptor_cell,110,7,43,,0,,0,,0,0
descriptor_cell,110,7,44,3.21241259890196,1,2.254430356310745,1,1.5434253562260638,1,1
descriptor_cell,110,7,45,3.1407587227843337,1,3.0929580397304153,1,,0,0
descriptor_cell,110,7,46,3.1164732385739993,1,2.529018518230811,1,2.072536896558357,1,1
descriptor_cell,110,7,47,,0,,0,,0,0
descriptor_cell,110,7,48,,0,,0,,0,0
descriptor_cell,110,7,49,,0,,0,,0,0
descriptor_cell,110,7,50,,0,,0,,0,0
descriptor_cell,110,7,51,,0,,0,,0,0
descriptor_cell,110,7,52,,0,,0,,0,0
descriptor_cell,110,7,53,,0,,0,,0,0
descriptor_cell,110,7,54,,0,,0,,0,0
descriptor_cell,110,7,55,3.182080227242575,1,2.994170274149493,1,,0,0
descriptor_cell,110,7,56,,0,,0,,0,0
descriptor_cell,110,7,57,2.857578406855541,1,2.112409939991967,1,1.780393882229968,1,1
descriptor_cell,110,7,58,3.037223577382944,1,2.244395066080748,1,0.9638097540299481,1,1
descriptor_cell,110,7,59,2.9696758104218755,1,2.9140731300612237,1,,0,0
descriptor_cell,110,8,0,3.1546797950272016,1,3.1511510152126125,1,,0,0
descriptor_cell,110,8,1,0.5845301771838542,1,,0,0.5845301771838542,1,0
descriptor_cell,110,8,2,,0,,0,,0,0
descriptor_cell,110,8,3,3.0860792456776323,1,3.0808751442234095,1,,0,0
descriptor_cell,110,8,4,,0,,0,,0,0
descriptor_cell,110,8,5,,0,,0,,0,0
descriptor_cell,110,8,6,,0,,0,,0,0
descriptor_cell,110,8,7,,0,,0,,0,0
descriptor_cell,110,8,8,,0,,0,,0,0
descriptor_cell,110,8,9,9.038145239808888,1,5.0647274890934355,1,,0,0
descriptor_cell,110,8,10,9.036405062521002,1,5.203056573148717,1,,0,0
descriptor_cell,110,8,11,9.025108126865245,1,8.820046113174378,1,,0,0
descriptor_cell,110,8,12,8.990900030713163,1,8.81050959313474,1,,0,0
descriptor_cell,110,8,13,8.9990182218227,1,8.827494219344521,1,,0,0
descriptor_cell,110,8,14,9.001267258301985,1,8.87479814580782,1,,0,0
descriptor_cell,110,8,15,8.930455044081125,1,8.832412023169404,1,,0,0
descriptor_cell,110,8,16,8.940887113974455,1,8.831083570663063,1,,0,0
descriptor_cell,110,8,17,8.959480301152034,1,8.864550837498713,1,,0,0
descriptor_cell,110,8,18,14.42372196020057,1,14.38315124621976,1,,0,0
descriptor_cell,110,8,19,14.451625030491858,1,14.360974464770896,1,,0,0
descriptor_cell,110,8,20,14.445815480375439,1,14.441447291888124,1,,0,0
descriptor_cell,110,8,21,14.457473986108484,1,14.318273639260664,1,,0,0
descriptor_cell,110,8,22,14.362339633094747,1,10.139932148325332,1,,0,0
descriptor_cell,110,8,23,13.362363060631125,1,8.514466868178667,1,,0,0
descriptor_cell,110,8,24,11.701339429131837,1,8.860170516290705,1,,0,0
descriptor_cell,110,8,25,2.9514708677408277,1,2.933042722770448,1,,0,0
descriptor_cell,110,8,26,2.8204880731971533,1,2.769936563955607,1,,0,0
descriptor_cell,110,8,27,,0,,0,,0,0
descriptor_cell,110,8,28,,0,,0,,0,0
descriptor_cell,110,8,29,3.059635640449023,1,3.028176648768381,1,,0,0
descriptor_cell,110,8,30,3.0783311006922576,1,2.8215034552999327,1,,0,0
descriptor_cell,110,8,31,3.0861557552589973,1,3.0433488877629853,1,,0,0
descriptor_cell,110,8,32,2.7012422405135594,1,2.7012422405135594,1,1.6745040763861159,1,1
descriptor_cell,110,8,33,,0,,0,,0,0
descriptor_cell,110,8,34,,0,,0,,0,0
descriptor_cell,110,8,35,,0,,0,,0,0
descriptor_cell,110,8,36,,0,,0,,0,0
descriptor_cell,110,8,37,,0,,0,,0,0
descriptor_cell,110,8,38,,0,,0,,0,0
descriptor_cell,110,8,39,,0,,0,,0,0
descriptor_cell,110,8,40,,0,,0,,0,0
descriptor_cell,110,8,41,,0,,0,,0,0
descriptor_cell,110,8,42,,0,,0,,0,0
descriptor_cell,110,8,43,,0,,0,,0,0
descriptor_cell,110,8,44,3.307498621239307,1,3.09492183211555,1,1.350378626861637,1,1
descriptor_cell,110,8,45,3.132750844396602,1,3.1160560038078278,1,,0,0
descriptor_cell,110,8,46,3.118605171421292,1,2.289718243012252,1,2.0932339589693587,1,1
descriptor_cell,110,8,47,,0,,0,,0,0
descriptor_cell,110,8,48,,0,,0,,0,0
descriptor_cell,110,8,49,,0,,0,,0,0
descriptor_cell,110,8,50,,0,,0,,0,0
descriptor_cell,110,8,51,,0,,0,,0,0
descriptor_cell,110,8,52,,0,,0,,0,0
descriptor_cell,110,8,53,,0,,0,,0,0
descriptor_cell,110,8,54,,0,,0,,0,0
descriptor_cell,110,8,55,,0,,0,,0,0
descriptor_cell,110,8,56,,0,,0,,0,0
descriptor_cell,110,8,57,,0,,0,,0,0
descriptor_cell,110,8,58,3.186141834409082,1,2.3958044012057327,1,2.018509598535366,1,1
descriptor_cell,110,8,59,3.1917163431791917,1,2.8910463825525095,1,,0,0
descriptor_cell,110,9,0,2.9201982014700243,1,2.9201982014700243,1,,0,0
descriptor_cell,110,9,1,,0,,0,,0,0
descriptor_cell,110,9,2,3.1002464945325108,1,3.08675721923171,1,,0,0
descriptor_cell,110,9,3,,0,,0,,0,0
descriptor_cell,110,9,4,,0,,0,,0,0
descriptor_cell,110,9,5,,0,,0,,0,0
descriptor_cell,110,9,6,,0,,0,,0,0
descriptor_cell,110,9,7,,0,,0,,0,0
descriptor_cell,110,9,8,,0,,0,,0,0
descriptor_cell,110,9,9,8.992730218137202,1,8.822133828216813,1,,0,0
descriptor_cell,110,9,10,9.011472630119595,1,5.62773608481324,1,,0,0
descriptor_cell,110,9,11,9.020227156438121,1,8.83566524469409,1,,0,0
descriptor_cell,110,9,12,9.018498677553948,1,3.027058989879519,1,-0.10661414538286715,1,1
descriptor_cell,110,9,13,8.998306714737655,1,2.238351040128337,1,1.0157200218002982,1,1
descriptor_cell,110,9,14,9.000097351896839,1,2.5393563694009766,1,0.42617637329819946,1,1
descriptor_cell,110,9,15,8.962476738658655,1,2.9417757828978024,1,,0,0
descriptor_cell,110,9,16,8.9383507154858,1,2.950613295968364,1,,0,0
descriptor_cell,110,9,17,10.96981522886012,1,3.39444858183604,1,,0,0
descriptor_cell,110,9,18,14.471866578031117,1,10.208406582651453,1,,0,0
descriptor_cell,110,9,19,14.423976250766218,1,14.35288135208049,1,,0,0
descriptor_cell,110,9,20,14.506705395806133,1,14.396788194261111,1,,0,0
descriptor_cell,110,9,21,14.501470831812867,1,14.332762660367028,1,,0,0
descriptor_cell,110,9,22,14.340466359074233,1,14.307559687052505,1,,0,0
descriptor_cell,110,9,23,14.344881763200714,1,14.315109213516706,1,,0,0
descriptor_cell,110,9,24,,0,,0,,0,0
descriptor_cell,110,9,25,,0,,0,,0,0
descriptor_cell,110,9,26,,0,,0,,0,0
descriptor_cell,110,9,27,,0,,0,,0,0
descriptor_cell,110,9,28,,0,,0,,0,0
descriptor_cell,110,9,29,3.0339781036268256,1,2.790183163929635,1,,0,0
descriptor_cell,110,9,30,3.059009922141927,1,2.786275077612368,1,,0,0
descriptor_cell,110,9,31,3.0636739787142684,1,2.8508616706876584,1,0.4993725286369596,1,1
descriptor_cell,110,9,32,3.018988746986993,1,3.018988746986993,1,,0,0
descriptor_cell,110,9,33,,0,,0,,0,0
descriptor_cell,110,9,34,,0,,0,,0,0
descriptor_cell,110,9,35,,0,,0,,0,0
descriptor_cell,110,9,36,,0,,0,,0,0
descriptor_cell,110,9,37,,0,,0,,0,0
descriptor_cell,110,9,38,,0,,0,,0,0
descriptor_cell,110,9,39,,0,,0,,0,0
descriptor_cell,110,9,40,,0,,0,,0,0
descriptor_cell,110,9,41,,0,,0,,0,0
descriptor_cell,110,9,42,,0,,0,,0,0
descriptor_cell,110,9,43,,0,,0,,0,0
descriptor_cell,110,9,44,,0,,0,,0,0
descriptor_cell,110,9,45,3.1555867399451416,1,2.234176379877261,1,2.0641164893215285,1,1
descriptor_cell,110,9,46,3.143425500262818,1,3.143425500262818,1,1.288485726630524,1,1
descriptor_cell,110,9,47,,0,,0,,0,0
descriptor_cell,110,9,48,,0,,0,,0,0
descriptor_cell,110,9,49,,0,,0,,0,0
descriptor_cell,110,9,50,,0,,0,,0,0
descriptor_cell,110,9,51,,0,,0,,0,0
descriptor_cell,110,9,52,,0,,0,,0,0
descriptor_cell,110,9,53,,0,,0,,0,0
descriptor_cell,110,9,54,,0,,0,,0,0
descriptor_cell,110,9,55,,0,,0,,0,0
descriptor_cell,110,9,56,,0,,0,,0,0
descriptor_cell,110,9,57,,0,,0,,0,0
descriptor_cell,110,9,58,3.191826642014068,1,2.187467055553727,1,1.0571197111168642,1,1
descriptor_cell,110,9,59,3.195798679863657,1,2.883012260493186,1,,0,0
descriptor_cell,110,10,0,2.944094568683902,1,2.2044716007882097,1,1.0960666929152143,1,1
descriptor_cell,110,10,1,,0,,0,,0,0
descriptor_cell,110,10,2,3.128893811720465,1,2.8685811550737843,1,,0,0
descriptor_cell,110,10,3,3.212666399008456,1,2.916974974235441,1,,0,0
descriptor_cell,110,10,4,,0,,0,,0,0
descriptor_cell,110,10,5,,0,,0,,0,0
descriptor_cell,110,10,6,,0,,0,,0,0
descriptor_cell,110,10,7,,0,,0,,0,0
descriptor_cell,110,10,8,,0,,0,,0,0
descriptor_cell,110,10,9,9.012885844827816,1,8.758842979213663,1,,0,0
descriptor_cell,110,10,10,9.029393740315752,1,7.339199103538285,1,,0,0
descriptor_cell,110,10,11,9.040674698377742,1,5.747321869889441,1,,0,0
descriptor_cell,110,10,12,8.992441081365616,1,2.751097786650594,1,,0,0
descriptor_cell,110,10,13,8.964934641667545,1,8.799800655521672,1,,0,0
descriptor_cell,110,10,14,8.77793538651018,1,8.77793538651018,1,,0,0
descriptor_cell,110,10,15,9.08378288406868,1,7.9322443268000695,1,,0,0
descriptor_cell,110,10,16,8.936540843883474,1,8.752378234528713,1,,0,0
descriptor_cell,110,10,17,14.07083532866903,1,7.298826985813269,1,,0,0
descriptor_cell,110,10,18,14.381002603627117,1,5.399375986054518,1,,0,0
descriptor_cell,110,10,19,14.41842279635993,1,8.792807718242848,1,,0,0
descriptor_cell,110,10,20,14.430925345866713,1,14.39868651627683,1,,0,0
descriptor_cell,110,10,21,14.514047821417751,1,14.302541147940211,1,,0,0
descriptor_cell,110,10,22,14.509411159977718,1,14.248308652655933,1,,0,0
descriptor_cell,110,10,23,14.284996375874405,1,14.261234560079462,1,,0,0
descriptor_cell,110,10,24,,0,,0,,0,0
descriptor_cell,110,10,25,,0,,0,,0,0
descriptor_cell,110,10,26,2.733796430003237,1,2.733796430003237,1,,0,0
descriptor_cell,110,10,27,,0,,0,,0,0
descriptor_cell,110,10,28,,0,,0,,0,0
descriptor_cell,110,10,29,2.9189230366860404,1,2.9189230366860404,1,1.7943969194270444,1,1
descriptor_cell,110,10,30,3.0291341361140764,1,3.024806498986813,1,,0,0
descriptor_cell,110,10,31,3.0418905489277375,1,3.0183658651144056,1,0.7505932482894623,1,1
descriptor_cell,110,10,32,,0,,0,,0,0
descriptor_cell,110,10,33,,0,,0,,0,0
descriptor_cell,110,10,34,,0,,0,,0,0
descriptor_cell,110,10,35,,0,,0,,0,0
descriptor_cell,110,10,36,,0,,0,,0,0
descriptor_cell,110,10,37,,0,,0,,0,0
descriptor_cell,110,10,38,,0,,0,,0,0
descriptor_cell,110,10,39,,0,,0,,0,0
descriptor_cell,110,10,40,,0,,0,,0,0
descriptor_cell,110,10,41,,0,,0,,0,0
descriptor_cell,110,10,42,,0,,0,,0,0
descriptor_cell,110,10,43,,0,,0,,0,0
descriptor_cell,110,10,44,3.1041490903898037,1,3.1041490903898037,1,2.0989357144651453,1,1
descriptor_cell,110,10,45,3.1416399996275612,1,2.657685635105302,1,1.2411509732879122,1,1
descriptor_cell,110,10,46,,0,,0,,0,0
descriptor_cell,110,10,47,,0,,0,,0,0
descriptor_cell,110,10,48,,0,,0,,0,0
descriptor_cell,110,10,49,,0,,0,,0,0
descriptor_cell,110,10,50,,0,,0,,0,0
descriptor_cell,110,10,51,,0,,0,,0,0
descriptor_cell,110,10,52,,0,,0,,0,0
descriptor_cell,110,10,53,,0,,0,,0,0
descriptor_cell,110,10,54,,0,,0,,0,0
descriptor_cell,110,10,55,1.5496172510169728,1,,0,1.5496172510169728,1,0
descriptor_cell,110,10,56,,0,,0,,0,0
descriptor_cell,110,10,57,,0,,0,,0,0
descriptor_cell,110,10,58,3.198313145028791,1,2.256258388255487,1,1.1244673142647201,1,1
descriptor_cell,110,10,59,3.2084036933733207,1,2.2048718269486574,1,1.1121908016961743,1,1
descriptor_cell,110,11,0,,0,,0,,0,0
descriptor_cell,110,11,1,,0,,0,,0,0
descriptor_cell,110,11,2,,0,,0,,0,0
descriptor_cell,110,11,3,,0,,0,,0,0
descriptor_cell,110,11,4,,0,,0,,0,0
descriptor_cell,110,11,5,,0,,0,,0,0
descriptor_cell,110,11,6,,0,,0,,0,0
descriptor_cell,110,11,7,,0,,0,,0,0
descriptor_cell,110,11,8,,0,,0,,0,0
descriptor_cell,110,11,9,8.753308115351746,1,8.753308115351746,1,,0,0
descriptor_cell,110,11,10,9.036376323326087,1,8.690334373129842,1,,0,0
descriptor_cell,110,11,11,8.991698816691487,1,6.869847662664766,1,,0,0
descriptor_cell,110,11,12,8.958667861236098,1,8.791045150766095,1,,0,0
descriptor_cell,110,11,13,8.971805954213577,1,2.7758235597766596,1,,0,0
descriptor_cell,110,11,14,,0,,0,,0,0
descriptor_cell,110,11,15,9.181984240165606,1,8.910383114494591,1,,0,0
descriptor_cell,110,11,16,9.038156917911724,1,8.784575343496304,1,,0,0
descriptor_cell,110,11,17,8.892911226650993,1,8.773003224423126,1,,0,0
descriptor_cell,110,11,18,8.841524084321751,1,8.819441123112588,1,,0,0
descriptor_cell,110,11,19,13.419011086542579,1,8.775858491303076,1,,0,0
descriptor_cell,110,11,20,14.423316616382857,1,9.840920512751676,1,,0,0
descriptor_cell,110,11,21,14.480788102916218,1,10.265258745672897,1,,0,0
descriptor_cell,110,11,22,14.549200899423255,1,14.238298329706568,1,,0,0
descriptor_cell,110,11,23,,0,,0,,0,0
descriptor_cell,110,11,24,14.293426968405937,1,14.276838829247593,1,,0,0
descriptor_cell,110,11,25,14.228742209103062,1,14.157712727080726,1,,0,0
descriptor_cell,110,11,26,,0,,0,,0,0
descriptor_cell,110,11,27,,0,,0,,0,0
descriptor_cell,110,11,28,,0,,0,,0,0
descriptor_cell,110,11,29,1.9222749007032682,1,,0,1.9222749007032682,1,0
descriptor_cell,110,11,30,,0,,0,,0,0
descriptor_cell,110,11,31,2.1729436082028246,1,2.1729436082028246,1,1.5826464402744362,1,1
descriptor_cell,110,11,32,,0,,0,,0,0
descriptor_cell,110,11,33,,0,,0,,0,0
descriptor_cell,110,11,34,,0,,0,,0,0
descriptor_cell,110,11,35,,0,,0,,0,0
descriptor_cell,110,11,36,,0,,0,,0,0
descriptor_cell,110,11,37,,0,,0,,0,0
descriptor_cell,110,11,38,,0,,0,,0,0
descriptor_cell,110,11,39,,0,,0,,0,0
descriptor_cell,110,11,40,,0,,0,,0,0
descriptor_cell,110,11,41,,0,,0,,0,0
descriptor_cell,110,11,42,,0,,0,,0,0
descriptor_cell,110,11,43,,0,,0,,0,0
descriptor_cell,110,11,44,3.19480058762201,1,3.19480058762201,1,,0,0
descriptor_cell,110,11,45,3.1039704708712863,1,2.644997974761757,1,0.5861452017676936,1,1
descriptor_cell,110,11,46,,0,,0,,0,0
descriptor_cell,110,11,47,,0,,0,,0,0
descriptor_cell,110,11,48,,0,,0,,0,0
descriptor_cell,110,11,49,,0,,0,,0,0
descriptor_cell,110,11,50,,0,,0,,0,0
descriptor_cell,110,11,51,,0,,0,,0,0
descriptor_cell,110,11,52,,0,,0,,0,0
descriptor_cell,110,11,53,,0,,0,,0,0
descriptor_cell,110,11,54,,0,,0,,0,0
descriptor_cell,110,11,55,,0,,0,,0,0
descriptor_cell,110,11,56,,0,,0,,0,0
descriptor_cell,110,11,57,,0,,0,,0,0
descriptor_cell,110,11,58,,0,,0,,0,0
descriptor_cell,110,11,59,,0,,0,,0,0
descriptor_cell,110,12,0,,0,,0,,0,0
descriptor_cell,110,12,1,,0,,0,,0,0
descriptor_cell,110,12,2,,0,,0,,0,0
descriptor_cell,110,12,3,,0,,0,,0,0
descriptor_cell,110,12,4,,0,,0,,0,0
descriptor_cell,110,12,5,,0,,0,,0,0
descriptor_cell,110,12,6,,0,,0,,0,0
descriptor_cell,110,12,7,,0,,0,,0,0
descriptor_cell,110,12,8,,0,,0,,0,0
descriptor_cell,110,12,9,,0,,0,,0,0
descriptor_cell,110,12,10,8.675022192354602,1,8.675022192354602,1,,0,0
descriptor_cell,110,12,11,8.701409438833153,1,8.701409438833153,1,,0,0
descriptor_cell,110,12,12,8.796061152893119,1,8.720636881875533,1,,0,0
descriptor_cell,110,12,13,8.800013848721818,1,8.787623587592979,1,,0,0
descriptor_cell,110,12,14,8.890750886362468,1,8.758144684426684,1,,0,0
descriptor_cell,110,12,15,8.835759616771362,1,2.733830635995967,1,,0,0
descriptor_cell,110,12,16,8.797295696633096,1,2.8551687136433004,1,,0,0
descriptor_cell,110,12,17,8.881425759086632,1,8.754498771000556,1,,0,0
descriptor_cell,110,12,18,8.985512597463716,1,8.83105751872871,1,,0,0
descriptor_cell,110,12,19,8.873173141224978,1,8.873173141224978,1,,0,0
descriptor_cell,110,12,20,,0,,0,,0,0
descriptor_cell,110,12,21,14.434465651434584,1,10.633503629813477,1,,0,0
descriptor_cell,110,12,22,14.497218762153091,1,13.886613859148532,1,,0,0
descriptor_cell,110,12,23,14.28670777816923,1,14.225286620355162,1,,0,0
descriptor_cell,110,12,24,14.490829026973236,1,13.918712989632471,1,,0,0
descriptor_cell,110,12,25,,0,,0,,0,0
descriptor_cell,110,12,26,,0,,0,,0,0
descriptor_cell,110,12,27,,0,,0,,0,0
descriptor_cell,110,12,28,,0,,0,,0,0
descriptor_cell,110,12,29,,0,,0,,0,0
descriptor_cell,110,12,30,,0,,0,,0,0
descriptor_cell,110,12,31,,0,,0,,0,0
descriptor_cell,110,12,32,,0,,0,,0,0
descriptor_cell,110,12,33,,0,,0,,0,0
descriptor_cell,110,12,34,,0,,0,,0,0
descriptor_cell,110,12,35,,0,,0,,0,0
descriptor_cell,110,12,36,,0,,0,,0,0
descriptor_cell,110,12,37,,0,,0,,0,0
descriptor_cell,110,12,38,,0,,0,,0,0
descriptor_cell,110,12,39,,0,,0,,0,0
descriptor_cell,110,12,40,,0,,0,,0,0
descriptor_cell,110,12,41,,0,,0,,0,0
descriptor_cell,110,12,42,,0,,0,,0,0
descriptor_cell,110,12,43,,0,,0,,0,0
descriptor_cell,110,12,44,3.1442329519546552,1,3.1442329519546552,1,,0,0
descriptor_cell,110,12,45,3.1977988397916537,1,2.671545424960094,1,,0,0
descriptor_cell,110,12,46,,0,,0,,0,0
descriptor_cell,110,12,47,,0,,0,,0,0
descriptor_cell,110,12,48,,0,,0,,0,0
descriptor_cell,110,12,49,,0,,0,,0,0
descriptor_cell,110,12,50,,0,,0,,0,0
descriptor_cell,110,12,51,,0,,0,,0,0
descriptor_cell,110,12,52,,0,,0,,0,0
descriptor_cell,110,12,53,,0,,0,,0,0
descriptor_cell,110,12,54,,0,,0,,0,0
descriptor_cell,110,12,55,,0,,0,,0,0
descriptor_cell,110,12,56,,0,,0,,0,0
descriptor_cell,110,12,57,,0,,0,,0,0
descriptor_cell,110,12,58,,0,,0,,0,0
descriptor_cell,110,12,59,,0,,0,,0,0
descriptor_cell,110,13,0,,0,,0,,0,0
descriptor_cell,110,13,1,,0,,0,,0,0
descriptor_cell,110,13,2,,0,,0,,0,0
descriptor_cell,110,13,3,,0,,0,,0,0
descriptor_cell,110,13,4,,0,,0,,0,0
descriptor_cell,110,13,5,,0,,0,,0,0
descriptor_cell,110,13,6,,0,,0,,0,0
descriptor_cell,110,13,7,,0,,0,,0,0
descriptor_cell,110,13,8,,0,,0,,0,0
descriptor_cell,110,13,9,,0,,0,,0,0
descriptor_cell,110,13,10,,0,,0,,0,0
descriptor_cell,110,13,11,8.64861224500295,1,8.64861224500295,1,,0,0
descriptor_cell,110,13,12,8.754998646855356,1,8.699662841478508,1,,0,0
descriptor_cell,110,13,13,8.80063844924943,1,8.80063844924943,1,1.637410481636734,1,1
descriptor_cell,110,13,14,,0,,0,,0,0
descriptor_cell,110,13,15,,0,,0,,0,0
descriptor_cell,110,13,16,,0,,0,,0,0
descriptor_cell,110,13,17,,0,,0,,0,0
descriptor_cell,110,13,18,,0,,0,,0,0
descriptor_cell,110,13,19,,0,,0,,0,0
descriptor_cell,110,13,20,,0,,0,,0,0
descriptor_cell,110,13,21,13.122218867244676,1,13.122218867244676,1,,0,0
descriptor_cell,110,13,22,14.534118041404158,1,12.550802022741204,1,,0,0
descriptor_cell,110,13,23,14.362646415771142,1,14.232261685187595,1,,0,0
descriptor_cell,110,13,24,,0,,0,,0,0
descriptor_cell,110,13,25,,0,,0,,0,0
descriptor_cell,110,13,26,,0,,0,,0,0
descriptor_cell,110,13,27,,0,,0,,0,0
descriptor_cell,110,13,28,,0,,0,,0,0
descriptor_cell,110,13,29,1.5474910020048018,1,,0,1.5474910020048018,1,0
descriptor_cell,110,13,30,,0,,0,,0,0
descriptor_cell,110,13,31,1.7797566253437371,1,,0,1.7797566253437371,1,0
descriptor_cell,110,13,32,,0,,0,,0,0
descriptor_cell,110,13,33,,0,,0,,0,0
descriptor_cell,110,13,34,,0,,0,,0,0
descriptor_cell,110,13,35,,0,,0,,0,0
descriptor_cell,110,13,36,,0,,0,,0,0
descriptor_cell,110,13,37,,0,,0,,0,0
descriptor_cell,110,13,38,,0,,0,,0,0
descriptor_cell,110,13,39,,0,,0,,0,0
descriptor_cell,110,13,40,,0,,0,,0,0
descriptor_cell,110,13,41,,0,,0,,0,0
descriptor_cell,110,13,42,,0,,0,,0,0
descriptor_cell,110,13,43,,0,,0,,0,0
descriptor_cell,110,13,44,3.081066163078756,1,3.081066163078756,1,,0,0
descriptor_cell,110,13,45,3.191688125377679,1,3.083773289685971,1,,0,0
descriptor_cell,110,13,46,,0,,0,,0,0
descriptor_cell,110,13,47,,0,,0,,0,0
descriptor_cell,110,13,48,,0,,0,,0,0
descriptor_cell,110,13,49,,0,,0,,0,0
descriptor_cell,110,13,50,,0,,0,,0,0
descriptor_cell,110,13,51,,0,,0,,0,0
descriptor_cell,110,13,52,,0,,0,,0,0
descriptor_cell,110,13,53,,0,,0,,0,0
descriptor_cell,110,13,54,3.021113698712387,1,3.021113698712387,1,,0,0
descriptor_cell,110,13,55,,0,,0,,0,0
descriptor_cell,110,13,56,,0,,0,,0,0
descriptor_cell,110,13,57,,0,,0,,0,0
descriptor_cell,110,13,58,,0,,0,,0,0
descriptor_cell,110,13,59,,0,,0,,0,0
descriptor_cell,110,14,0,,0,,0,,0,0
descriptor_cell,110,14,1,,0,,0,,0,0
descriptor_cell,110,14,2,,0,,0,,0,0
descriptor_cell,110,14,3,,0,,0,,0,0
descriptor_cell,110,14,4,,0,,0,,0,0
descriptor_cell,110,14,5,,0,,0,,0,0
descriptor_cell,110,14,6,,0,,0,,0,0
descriptor_cell,110,14,7,,0,,0,,0,0
descriptor_cell,110,14,8,,0,,0,,0,0
descriptor_cell,110,14,9,,0,,0,,0,0
descriptor_cell,110,14,10,,0,,0,,0,0
descriptor_cell,110,14,11,,0,,0,,0,0
descriptor_cell,110,14,12,,0,,0,,0,0
descriptor_cell,110,14,13,,0,,0,,0,0
descriptor_cell,110,14,14,,0,,0,,0,0
descriptor_cell,110,14,15,,0,,0,,0,0
descriptor_cell,110,14,16,,0,,0,,0,0
descriptor_cell,110,14,17,,0,,0,,0,0
descriptor_cell,110,14,18,,0,,0,,0,0
descriptor_cell,110,14,19,,0,,0,,0,0
descriptor_cell,110,14,20,,0,,0,,0,0
descriptor_cell,110,14,21,,0,,0,,0,0
descriptor_cell,110,14,22,,0,,0,,0,0
descriptor_cell,110,14,23,14.023778178498613,1,13.931305259297828,1,,0,0
descriptor_cell,110,14,24,,0,,0,,0,0
descriptor_cell,110,14,25,,0,,0,,0,0
descriptor_cell,110,14,26,,0,,0,,0,0
descriptor_cell,110,14,27,,0,,0,,0,0
descriptor_cell,110,14,28,,0,,0,,0,0
descriptor_cell,110,14,29,,0,,0,,0,0
descriptor_cell,110,14,30,,0,,0,,0,0
descriptor_cell,110,14,31,,0,,0,,0,0
descriptor_cell,110,14,32,,0,,0,,0,0
descriptor_cell,110,14,33,,0,,0,,0,0
descriptor_cell,110,14,34,,0,,0,,0,0
descriptor_cell,110,14,35,,0,,0,,0,0
descriptor_cell,110,14,36,,0,,0,,0,0
descriptor_cell,110,14,37,,0,,0,,0,0
descriptor_cell,110,14,38,,0,,0,,0,0
descriptor_cell,110,14,39,,0,,0,,0,0
descriptor_cell,110,14,40,,0,,0,,0,0
descriptor_cell,110,14,41,,0,,0,,0,0
descriptor_cell,110,14,42,,0,,0,,0,0
descriptor_cell,110,14,43,,0,,0,,0,0
descriptor_cell,110,14,44,,0,,0,,0,0
descriptor_cell,110,14,45,3.2088941555578954,1,3.0495571930347074,1,,0,0
descriptor_cell,110,14,46,,0,,0,,0,0
descriptor_cell,110,14,47,,0,,0,,0,0
descriptor_cell,110,14,48,,0,,0,,0,0
descriptor_cell,110,14,49,,0,,0,,0,0
descriptor_cell,110,14,50,,0,,0,,0,0
descriptor_cell,110,14,51,,0,,0,,0,0
descriptor_cell,110,14,52,,0,,0,,0,0
descriptor_cell,110,14,53,,0,,0,,0,0
descriptor_cell,110,14,54,,0,,0,,0,0
descriptor_cell,110,14,55,,0,,0,,0,0
descriptor_cell,110,14,56,,0,,0,,0,0
descriptor_cell,110,14,57,,0,,0,,0,0
descriptor_cell,110,14,58,,0,,0,,0,0
descriptor_cell,110,14,59,,0,,0,,0,0
descriptor_cell,110,15,0,,0,,0,,0,0
descriptor_cell,110,15,1,,0,,0,,0,0
descriptor_cell,110,15,2,,0,,0,,0,0
descriptor_cell,110,15,3,,0,,0,,0,0
descriptor_cell,110,15,4,,0,,0,,0,0
descriptor_cell,110,15,5,,0,,0,,0,0
descriptor_cell,110,15,6,,0,,0,,0,0
descriptor_cell,110,15,7,,0,,0,,0,0
descriptor_cell,110,15,8,,0,,0,,0,0
descriptor_cell,110,15,9,,0,,0,,0,0
descriptor_cell,110,15,10,,0,,0,,0,0
descriptor_cell,110,15,11,,0,,0,,0,0
descriptor_cell,110,15,12,,0,,0,,0,0
descriptor_cell,110,15,13,,0,,0,,0,0
descriptor_cell,110,15,14,,0,,0,,0,0
descriptor_cell,110,15,15,,0,,0,,0,0
descriptor_cell,110,15,16,,0,,0,,0,0
descriptor_cell,110,15,17,,0,,0,,0,0
descriptor_cell,110,15,18,,0,,0,,0,0
descriptor_cell,110,15,19,,0,,0,,0,0
descriptor_cell,110,15,20,,0,,0,,0,0
descriptor_cell,110,15,21,,0,,0,,0,0
descriptor_cell,110,15,22,,0,,0,,0,0
descriptor_cell,110,15,23,,0,,0,,0,0
descriptor_cell,110,15,24,,0,,0,,0,0
descriptor_cell,110,15,25,,0,,0,,0,0
descriptor_cell,110,15,26,,0,,0,,0,0
descriptor_cell,110,15,27,,0,,0,,0,0
descriptor_cell,110,15,28,,0,,0,,0,0
descriptor_cell,110,15,29,,0,,0,,0,0
descriptor_cell,110,15,30,,0,,0,,0,0
descriptor_cell,110,15,31,,0,,0,,0,0
descriptor_cell,110,15,32,,0,,0,,0,0
descriptor_cell,110,15,33,,0,,0,,0,0
descriptor_cell,110,15,34,,0,,0,,0,0
descriptor_cell,110,15,35,,0,,0,,0,0
descriptor_cell,110,15,36,,0,,0,,0,0
descriptor_cell,110,15,37,,0,,0,,0,0
descriptor_cell,110,15,38,,0,,0,,0,0
descriptor_cell,110,15,39,,0,,0,,0,0
descriptor_cell,110,15,40,,0,,0,,0,0
descriptor_cell,110,15,41,,0,,0,,0,0
descriptor_cell,110,15,42,,0,,0,,0,0
descriptor_cell,110,15,43,,0,,0,,0,0
descriptor_cell,110,15,44,,0,,0,,0,0
descriptor_cell,110,15,45,3.1784618448582673,1,3.0722102535555846,1,2.0133265040874635,1,1
descriptor_cell,110,15,46,,0,,0,,0,0
descriptor_cell,110,15,47,,0,,0,,0,0
descriptor_cell,110,15,48,,0,,0,,0,0
descriptor_cell,110,15,49,,0,,0,,0,0
descriptor_cell,110,15,50,,0,,0,,0,0
descriptor_cell,110,15,51,,0,,0,,0,0
descriptor_cell,110,15,52,,0,,0,,0,0
descriptor_cell,110,15,53,,0,,0,,0,0
descriptor_cell,110,15,54,,0,,0,,0,0
descriptor_cell,110,15,55,,0,,0,,0,0
descriptor_cell,110,15,56,,0,,0,,0,0
descriptor_cell,110,15,57,,0,,0,,0,0
descriptor_cell,110,15,58,,0,,0,,0,0
descriptor_cell,110,15,59,,0,,0,,0,0
