query_id,window,ring,sector,r_inner_m,r_outer_m,theta_start_deg,theta_end_deg,sc_max_z_m,sc_valid,lower_max_z_m,lower_valid,upper_min_z_m,upper_valid,roof_hides_lower
110,1099,0,0,0.0,1.875,0.0,6.0,0.015271224672376947,1,0.015271224672376947,1,,0,0
110,1099,0,1,0.0,1.875,6.0,12.0,2.994989506593,1,0.013245966156728847,1,2.9934431964323323,1,1
110,1099,0,2,0.0,1.875,12.0,18.0,3.0676091039146756,1,0.008542085517327658,1,2.9943318515582793,1,1
110,1099,0,3,0.0,1.875,18.0,24.0,0.006609258680387529,1,0.006609258680387529,1,,0,0
110,1099,0,4,0.0,1.875,24.0,30.0,0.005464768924572231,1,0.005464768924572231,1,,0,0
110,1099,0,5,0.0,1.875,30.0,36.0,1.9446641057263083,1,1.9446641057263083,1,,0,0
110,1099,0,6,0.0,1.875,36.0,42.0,1.5638870442908637,1,1.5638870442908637,1,,0,0
110,1099,0,7,0.0,1.875,42.0,48.0,0.0008943211089124736,1,0.0008943211089124736,1,,0,0
110,1099,0,8,0.0,1.875,48.0,54.0,3.590010323824885,1,0.0012336519080883787,1,2.997170567223586,1,1
110,1099,0,9,0.0,1.875,54.0,60.0,3.026802622857397,1,0.40141577473390855,1,2.949572302514459,1,1
110,1099,0,10,0.0,1.875,60.0,66.0,,0,,0,,0,0
110,1099,0,11,0.0,1.875,66.0,72.0,,0,,0,,0,0
110,1099,0,12,0.0,1.875,72.0,78.0,3.0206533658645647,1,1.1859320402860338,1,2.943253512183434,1,1
110,1099,0,13,0.0,1.875,78.0,84.0,2.9562066759736503,1,1.1968320242059534,1,2.9473649419909247,1,1
110,1099,0,14,0.0,1.875,84.0,90.0,2.9549064204276285,1,,0,2.94525157194106,1,0
110,1099,0,15,0.0,1.875,90.0,96.0,,0,,0,,0,0
110,1099,0,16,0.0,1.875,96.0,102.0,1.2637010214997466,1,1.2637010214997466,1,,0,0
110,1099,0,17,0.0,1.875,102.0,108.0,2.951496233027707,1,1.0262833382746812,1,2.951496233027707,1,1
110,1099,0,18,0.0,1.875,108.0,114.0,2.9497703071065535,1,,0,2.9497703071065535,1,0
110,1099,0,19,0.0,1.875,114.0,120.0,2.9549633431713414,1,-0.01651580747555782,1,2.94387099001471,1,1
110,1099,0,20,0.0,1.875,120.0,126.0,3.035486287137681,1,-0.012919386001672924,1,2.9470645170062615,1,1
110,1099,0,21,0.0,1.875,126.0,132.0,3.4677812804582517,1,-0.00914536081975103,1,2.944495215034686,1,1
110,1099,0,22,0.0,1.875,132.0,138.0,3.502670640703597,1,-0.00683331420038142,1,3.019368621272885,1,1
110,1099,0,23,0.0,1.875,138.0,144.0,3.545315028398866,1,-0.005208879837913451,1,2.990248423368421,1,1
110,1099,0,24,0.0,1.875,144.0,150.0,3.679326446316882,1,-0.002575444551621353,1,2.989019406592097,1,1
110,1099,0,25,0.0,1.875,150.0,156.0,3.5226078087667183,1,0.0009283650446078788,1,2.989814368784826,1,1
110,1099,0,26,0.0,1.875,156.0,162.0,3.063380181408941,1,0.39751989833117957,1,2.9938208267110915,1,1
110,1099,0,27,0.0,1.875,162.0,168.0,3.027571827232636,1,0.0025641734809971435,1,2.99370293747682,1,1
110,1099,0,28,0.0,1.875,168.0,174.0,0.003101580258293345,1,0.003101580258293345,1,,0,0
110,1099,0,29,0.0,1.875,174.0,180.0,0.0048132138477931215,1,0.0048132138477931215,1,,0,0
110,1099,0,30,0.0,1.875,180.0,186.0,0.007674925273914996,1,0.007674925273914996,1,,0,0
110,1099,0,31,0.0,1.875,186.0,192.0,3.9561588361666677,1,0.004979748646451398,1,2.994365879803176,1,1
110,1099,0,32,0.0,1.875,192.0,198.0,3.9549932650543904,1,0.009491207243340204,1,2.994344651364079,1,1
110,1099,0,33,0.0,1.875,198.0,204.0,3.677017908939157,1,0.41000458028769377,1,2.996090017359591,1,1
110,1099,0,34,0.0,1.875,204.0,210.0,3.0265991411694197,1,0.015822640249490046,1,3.0265991411694197,1,1
110,1099,0,35,0.0,1.875,210.0,216.0,0.015550959189669861,1,0.015550959189669861,1,,0,0
110,1099,0,36,0.0,1.875,216.0,222.0,0.016974492823672877,1,0.016974492823672877,1,,0,0
110,1099,0,37,0.0,1.875,222.0,228.0,0.017569592538109555,1,0.017569592538109555,1,,0,0
110,1099,0,38,0.0,1.875,228.0,234.0,0.0204482184125253,1,0.0204482184125253,1,,0,0
110,1099,0,39,0.0,1.875,234.0,240.0,,0,,0,,0,0
110,1099,0,40,0.0,1.875,240.0,246.0,,0,,0,,0,0
110,1099,0,41,0.0,1.875,246.0,252.0,,0,,0,,0,0
110,1099,0,42,0.0,1.875,252.0,258.0,,0,,0,,0,0
110,1099,0,43,0.0,1.875,258.0,264.0,,0,,0,,0,0
110,1099,0,44,0.0,1.875,264.0,270.0,,0,,0,,0,0
110,1099,0,45,0.0,1.875,270.0,276.0,2.9809034425966727,1,,0,2.9809034425966727,1,0
110,1099,0,46,0.0,1.875,276.0,282.0,3.0643159124974573,1,,0,3.0367583779195497,1,0
110,1099,0,47,0.0,1.875,282.0,288.0,3.049879262962495,1,,0,2.9761346169257457,1,0
110,1099,0,48,0.0,1.875,288.0,294.0,3.0407070177866813,1,,0,2.9960475312242454,1,0
110,1099,0,49,0.0,1.875,294.0,300.0,3.0405296867668485,1,,0,2.9945904464090356,1,0
110,1099,0,50,0.0,1.875,300.0,306.0,3.051184532265853,1,0.01841492388926027,1,2.9970577625525596,1,1
110,1099,0,51,0.0,1.875,306.0,312.0,3.0506166265891976,1,0.019561603856513152,1,2.9948951282419682,1,1
110,1099,0,52,0.0,1.875,312.0,318.0,3.039971663605935,1,0.017702580675767313,1,2.99608901659578,1,1
110,1099,0,53,0.0,1.875,318.0,324.0,3.047137236540606,1,0.021670930988942735,1,2.997192012521416,1,1
110,1099,0,54,0.0,1.875,324.0,330.0,3.033976208997994,1,0.01972500381600466,1,2.9978422507158053,1,1
110,1099,0,55,0.0,1.875,330.0,336.0,3.04704208641826,1,0.020493547134222523,1,2.9967908998987967,1,1
110,1099,0,56,0.0,1.875,336.0,342.0,3.0461493651289886,1,0.018884801622326346,1,3.0240984463050067,1,1
110,1099,0,57,0.0,1.875,342.0,348.0,4.325456688480455,1,0.01418882059897036,1,4.325456688480455,1,1
110,1099,0,58,0.0,1.875,348.0,354.0,,0,,0,,0,0
110,1099,0,59,0.0,1.875,354.0,360.0,0.01742787821079133,1,0.01742787821079133,1,,0,0
110,1099,1,0,1.875,3.75,0.0,6.0,3.0549915563921908,1,0.027119301723121464,1,2.998827964005676,1,1
110,1099,1,1,1.875,3.75,6.0,12.0,5.256897229145528,1,0.0242902966618489,1,2.996961899917133,1,1
110,1099,1,2,1.875,3.75,12.0,18.0,3.8865580040070515,1,0.02070066061231933,1,2.993624119903314,1,1
110,1099,1,3,1.875,3.75,18.0,24.0,3.0563775938793327,1,1.096642548608502,1,2.9920846186234744,1,1
110,1099,1,4,1.875,3.75,24.0,30.0,2.0771022863615913,1,2.0771022863615913,1,,0,0
110,1099,1,5,1.875,3.75,30.0,36.0,2.565802754234184,1,2.083356818291648,1,2.328458076505322,1,1
110,1099,1,6,1.875,3.75,36.0,42.0,,0,,0,,0,0
110,1099,1,7,1.875,3.75,42.0,48.0,1.7811112025623013,1,1.7811112025623013,1,,0,0
110,1099,1,8,1.875,3.75,48.0,54.0,2.0813992465669573,1,2.0813992465669573,1,,0,0
110,1099,1,9,1.875,3.75,54.0,60.0,2.9569092399446943,1,1.8540658483373047,1,2.1313009926017363,1,1
110,1099,1,10,1.875,3.75,60.0,66.0,2.954449795066817,1,1.176958745481272,1,2.951536387827217,1,1
110,1099,1,11,1.875,3.75,66.0,72.0,1.0955653984177975,1,1.0955653984177975,1,,0,0
110,1099,1,12,1.875,3.75,72.0,78.0,1.1294618640572496,1,1.1294618640572496,1,,0,0
110,1099,1,13,1.875,3.75,78.0,84.0,2.953931965053244,1,1.105416297507113,1,2.950371499284654,1,1
110,1099,1,14,1.875,3.75,84.0,90.0,3.359941187500228,1,1.1318195817746481,1,2.9568446281037866,1,1
110,1099,1,15,1.875,3.75,90.0,96.0,2.9587883712065284,1,1.1526310665727921,1,2.956507963406233,1,1
110,1099,1,16,1.875,3.75,96.0,102.0,2.959885670609896,1,1.1143680075049236,1,2.959757949606838,1,1
110,1099,1,17,1.875,3.75,102.0,108.0,2.959870864999398,1,1.145877213216342,1,2.9576842034501922,1,1
110,1099,1,18,1.875,3.75,108.0,114.0,2.959651974786048,1,1.0688339064766301,1,2.9596346169281436,1,1
110,1099,1,19,1.875,3.75,114.0,120.0,2.9618829078754363,1,1.0893276121522988,1,2.9583051131986706,1,1
110,1099,1,20,1.875,3.75,120.0,126.0,2.957756463444438,1,1.11415796957097,1,2.937820911400529,1,1
110,1099,1,21,1.875,3.75,126.0,132.0,3.6230342480007423,1,1.1171102516044373,1,2.932484925569859,1,1
110,1099,1,22,1.875,3.75,132.0,138.0,3.022996443807748,1,1.1125886595400134,1,2.9297380758289404,1,1
110,1099,1,23,1.875,3.75,138.0,144.0,3.4889969013867703,1,1.108066439927886,1,2.9206821340218565,1,1
110,1099,1,24,1.875,3.75,144.0,150.0,3.534161859367983,1,-0.006591586220481375,1,2.9276134566477032,1,1
110,1099,1,25,1.875,3.75,150.0,156.0,3.523327912198006,1,-0.004775402477664747,1,2.921293205950107,1,1
110,1099,1,26,1.875,3.75,156.0,162.0,3.064839301531403,1,0.001374685083090876,1,2.978925318919791,1,1
110,1099,1,27,1.875,3.75,162.0,168.0,5.1911095066730475,1,0.0034296616884785134,1,2.9872792473180443,1,1
110,1099,1,28,1.875,3.75,168.0,174.0,3.0655970951572487,1,0.007820086400520105,1,3.022639586448409,1,1
110,1099,1,29,1.875,3.75,174.0,180.0,3.0439603305603624,1,0.009008566748939767,1,2.9968009986765036,1,1
110,1099,1,30,1.875,3.75,180.0,186.0,3.0465169838088766,1,0.009309698141358489,1,2.9902553804375054,1,1
110,1099,1,31,1.875,3.75,186.0,192.0,4.608761219411655,1,0.014703114723677463,1,2.9888295368394715,1,1
110,1099,1,32,1.875,3.75,192.0,198.0,3.0446102988017287,1,0.016140941951129438,1,2.98369206271268,1,1
110,1099,1,33,1.875,3.75,198.0,204.0,4.088836239188749,1,0.019001397167603556,1,2.971431543560902,1,1
110,1099,1,34,1.875,3.75,204.0,210.0,3.048814235893722,1,0.021169759049033066,1,2.995421403534186,1,1
110,1099,1,35,1.875,3.75,210.0,216.0,0.0272158367447967,1,0.0272158367447967,1,,0,0
110,1099,1,36,1.875,3.75,216.0,222.0,0.03256458312173755,1,0.03256458312173755,1,,0,0
110,1099,1,37,1.875,3.75,222.0,228.0,3.0851007161131823,1,0.028562830032455935,1,3.0639994619373354,1,1
110,1099,1,38,1.875,3.75,228.0,234.0,3.1024794415571453,1,0.02967716523101559,1,3.081020387540919,1,1
110,1099,1,39,1.875,3.75,234.0,240.0,3.565649940947756,1,1.9016928808115112,1,2.2275604816100234,1,1
110,1099,1,40,1.875,3.75,240.0,246.0,3.601040132411787,1,1.8781282506129668,1,2.122315935344037,1,1
110,1099,1,41,1.875,3.75,246.0,252.0,3.803655299492654,1,2.0649589755939264,1,2.341420117906323,1,1
110,1099,1,42,1.875,3.75,252.0,258.0,4.1508093973522895,1,2.0720624005046164,1,2.3971107424127394,1,1
110,1099,1,43,1.875,3.75,258.0,264.0,4.530413524226233,1,0.03466164100297653,1,3.0217564323649118,1,1
110,1099,1,44,1.875,3.75,264.0,270.0,5.280052871121064,1,,0,3.0200250515033193,1,0
110,1099,1,45,1.875,3.75,270.0,276.0,4.1693283268389525,1,,0,3.018844808605484,1,0
110,1099,1,46,1.875,3.75,276.0,282.0,4.171321829114049,1,,0,2.9911585865228227,1,0
110,1099,1,47,1.875,3.75,282.0,288.0,4.176992565029899,1,0.03364616079934951,1,3.0325479559788575,1,1
110,1099,1,48,1.875,3.75,288.0,294.0,4.684574784328305,1,0.03620773264818404,1,2.999506801713929,1,1
110,1099,1,49,1.875,3.75,294.0,300.0,4.684882810131787,1,0.0389864476939107,1,3.043600134040758,1,1
110,1099,1,50,1.875,3.75,300.0,306.0,5.252419596001506,1,0.039079712788777726,1,2.999926274776273,1,1
110,1099,1,51,1.875,3.75,306.0,312.0,4.117918022219705,1,0.03812138022859865,1,3.037458396590364,1,1
110,1099,1,52,1.875,3.75,312.0,318.0,3.0805933001590646,1,0.035429194962614784,1,3.0316904103506843,1,1
110,1099,1,53,1.875,3.75,318.0,324.0,3.079165815017629,1,0.043956108851730936,1,3.0361356470584315,1,1
110,1099,1,54,1.875,3.75,324.0,330.0,3.0724115558327187,1,0.03554290191836638,1,3.0367255750561277,1,1
110,1099,1,55,1.875,3.75,330.0,336.0,3.0749926814088004,1,0.03269992813454844,1,3.03244145909215,1,1
110,1099,1,56,1.875,3.75,336.0,342.0,3.8747663654242803,1,0.029790367781239762,1,3.0312906358462253,1,1
110,1099,1,57,1.875,3.75,342.0,348.0,3.0678217459524704,1,0.03475858345443903,1,3.0148895846924324,1,1
110,1099,1,58,1.875,3.75,348.0,354.0,3.079236025800587,1,0.032556750144776526,1,3.03578624959234,1,1
110,1099,1,59,1.875,3.75,354.0,360.0,3.055772101872324,1,0.02728560517555792,1,2.997353727868213,1,1
110,1099,2,0,3.75,5.625,0.0,6.0,3.08802689494382,1,0.038609127387367013,1,2.9959980853820833,1,1
110,1099,2,1,3.75,5.625,6.0,12.0,3.0888824867346223,1,0.0345010911440774,1,2.995239775885025,1,1
110,1099,2,2,3.75,5.625,12.0,18.0,3.079762528862744,1,0.029621999119209583,1,2.98091304267414,1,1
110,1099,2,3,3.75,5.625,18.0,24.0,3.0792730907335764,1,0.029455624122543687,1,2.9539039906029565,1,1
110,1099,2,4,3.75,5.625,24.0,30.0,,0,,0,,0,0
110,1099,2,5,3.75,5.625,30.0,36.0,,0,,0,,0,0
110,1099,2,6,3.75,5.625,36.0,42.0,,0,,0,,0,0
110,1099,2,7,3.75,5.625,42.0,48.0,,0,,0,,0,0
110,1099,2,8,3.75,5.625,48.0,54.0,,0,,0,,0,0
110,1099,2,9,3.75,5.625,54.0,60.0,,0,,0,,0,0
110,1099,2,10,3.75,5.625,60.0,66.0,,0,,0,,0,0
110,1099,2,11,3.75,5.625,66.0,72.0,,0,,0,,0,0
110,1099,2,12,3.75,5.625,72.0,78.0,,0,,0,,0,0
110,1099,2,13,3.75,5.625,78.0,84.0,0.9705079555599833,1,0.9705079555599833,1,,0,0
110,1099,2,14,3.75,5.625,84.0,90.0,0.7898251645916136,1,0.7898251645916136,1,,0,0
110,1099,2,15,3.75,5.625,90.0,96.0,0.6105924293121154,1,0.6105924293121154,1,,0,0
110,1099,2,16,3.75,5.625,96.0,102.0,1.2198949032207806,1,1.2198949032207806,1,,0,0
110,1099,2,17,3.75,5.625,102.0,108.0,0.831153020339492,1,0.831153020339492,1,,0,0
110,1099,2,18,3.75,5.625,108.0,114.0,0.6069617192280714,1,0.6069617192280714,1,,0,0
110,1099,2,19,3.75,5.625,114.0,120.0,1.0438886765098272,1,1.0438886765098272,1,,0,0
110,1099,2,20,3.75,5.625,120.0,126.0,2.5187092529178194,1,1.969589173200243,1,2.1497898873341046,1,1
110,1099,2,21,3.75,5.625,126.0,132.0,3.103884067747353,1,2.0983563731587256,1,3.103884067747353,1,1
110,1099,2,22,3.75,5.625,132.0,138.0,2.16392095062131,1,1.9260374942218668,1,2.16392095062131,1,1
110,1099,2,23,3.75,5.625,138.0,144.0,,0,,0,,0,0
110,1099,2,24,3.75,5.625,144.0,150.0,2.9776121847848476,1,1.116054149677223,1,2.965969682742457,1,1
110,1099,2,25,3.75,5.625,150.0,156.0,3.006192264667368,1,1.1287638985616546,1,2.937722174440485,1,1
110,1099,2,26,3.75,5.625,156.0,162.0,3.0298588520274863,1,1.0059032136607415,1,2.914892803893597,1,1
110,1099,2,27,3.75,5.625,162.0,168.0,3.055846600854763,1,1.334347553293567,1,2.8987073022550893,1,1
110,1099,2,28,3.75,5.625,168.0,174.0,3.057756559443294,1,2.0890520437079334,1,2.1532481112747,1,1
110,1099,2,29,3.75,5.625,174.0,180.0,3.058964791723509,1,1.1369643041552826,1,2.9733338883052487,1,1
110,1099,2,30,3.75,5.625,180.0,186.0,3.06218864912791,1,1.534023526342978,1,2.9697114877902093,1,1
110,1099,2,31,3.75,5.625,186.0,192.0,3.065906417903497,1,0.019055698445657836,1,2.9719957480915222,1,1
110,1099,2,32,3.75,5.625,192.0,198.0,3.0641731316312995,1,0.025894203782449967,1,2.9722363153576206,1,1
110,1099,2,33,3.75,5.625,198.0,204.0,3.065854052537965,1,0.026094050871580003,1,2.980857418439337,1,1
110,1099,2,34,3.75,5.625,204.0,210.0,3.078971235081274,1,0.03231461696345722,1,2.9817599117466966,1,1
110,1099,2,35,3.75,5.625,210.0,216.0,3.0983916646162863,1,1.0686744997459652,1,2.4158277474208396,1,1
110,1099,2,36,3.75,5.625,216.0,222.0,3.145521828459132,1,2.0924165379612045,1,2.144356846420116,1,1
110,1099,2,37,3.75,5.625,222.0,228.0,3.12400623160814,1,2.0907666444601665,1,2.1991013943314353,1,1
110,1099,2,38,3.75,5.625,228.0,234.0,3.255853630431693,1,1.9308986641936765,1,2.2115719205765916,1,1
110,1099,2,39,3.75,5.625,234.0,240.0,3.5432850439838823,1,1.8912341769058254,1,2.219393790789237,1,1
110,1099,2,40,3.75,5.625,240.0,246.0,,0,,0,,0,0
110,1099,2,41,3.75,5.625,246.0,252.0,,0,,0,,0,0
110,1099,2,42,3.75,5.625,252.0,258.0,4.412707522831739,1,1.9032506603576393,1,2.7139916693017745,1,1
110,1099,2,43,3.75,5.625,258.0,264.0,5.275372603468863,1,2.0841586149069844,1,2.480368644492989,1,1
110,1099,2,44,3.75,5.625,264.0,270.0,5.278474329866604,1,0.05372484683628473,1,3.0379764839873613,1,1
110,1099,2,45,3.75,5.625,270.0,276.0,4.196156941995674,1,,0,3.0406415809502914,1,0
110,1099,2,46,3.75,5.625,276.0,282.0,4.187026552688785,1,0.04298569278746281,1,3.0492104268362175,1,1
110,1099,2,47,3.75,5.625,282.0,288.0,4.626751677519668,1,2.0493427096829535,1,2.40531453843225,1,1
110,1099,2,48,3.75,5.625,288.0,294.0,5.1470574447159,1,2.0948802584615756,1,2.1069667147858397,1,1
110,1099,2,49,3.75,5.625,294.0,300.0,4.463491796970205,1,2.070969406938028,1,2.137138661678161,1,1
110,1099,2,50,3.75,5.625,300.0,306.0,4.5788413379958275,1,0.8926948885836072,1,2.189395941449296,1,1
110,1099,2,51,3.75,5.625,306.0,312.0,4.501907935697426,1,0.9310286429290888,1,2.1979516335151463,1,1
110,1099,2,52,3.75,5.625,312.0,318.0,5.290161434011648,1,0.8998996280977687,1,2.186696597588873,1,1
110,1099,2,53,3.75,5.625,318.0,324.0,3.1011578530762782,1,0.8663406960156994,1,3.046724074787176,1,1
110,1099,2,54,3.75,5.625,324.0,330.0,3.0971498110450693,1,0.05900766988334939,1,3.050607094571122,1,1
110,1099,2,55,3.75,5.625,330.0,336.0,3.0847314697381525,1,0.05648498168143576,1,3.050302064837501,1,1
110,1099,2,56,3.75,5.625,336.0,342.0,3.078198992621649,1,0.056316506350865395,1,3.0263785638637053,1,1
110,1099,2,57,3.75,5.625,342.0,348.0,3.928513059742403,1,0.04696880064658837,1,3.026434310721502,1,1
110,1099,2,58,3.75,5.625,348.0,354.0,3.081520819478678,1,0.04183960788904078,1,2.9838220889877793,1,1
110,1099,2,59,3.75,5.625,354.0,360.0,3.0862915255745667,1,0.03861798476310015,1,3.0326281591296316,1,1
110,1099,3,0,5.625,7.5,0.0,6.0,3.089492480024589,1,,0,2.9906796581717385,1,0
110,1099,3,1,5.625,7.5,6.0,12.0,3.089701190050519,1,,0,2.9857177865209894,1,0
110,1099,3,2,5.625,7.5,12.0,18.0,3.1334889683813465,1,,0,2.9030715019313997,1,0
110,1099,3,3,5.625,7.5,18.0,24.0,3.0187401679443684,1,1.237021228885146,1,2.9739932227596095,1,1
110,1099,3,4,5.625,7.5,24.0,30.0,,0,,0,,0,0
110,1099,3,5,5.625,7.5,30.0,36.0,,0,,0,,0,0
110,1099,3,6,5.625,7.5,36.0,42.0,,0,,0,,0,0
110,1099,3,7,5.625,7.5,42.0,48.0,,0,,0,,0,0
110,1099,3,8,5.625,7.5,48.0,54.0,,0,,0,,0,0
110,1099,3,9,5.625,7.5,54.0,60.0,,0,,0,,0,0
110,1099,3,10,5.625,7.5,60.0,66.0,,0,,0,,0,0
110,1099,3,11,5.625,7.5,66.0,72.0,,0,,0,,0,0
110,1099,3,12,5.625,7.5,72.0,78.0,,0,,0,,0,0
110,1099,3,13,5.625,7.5,78.0,84.0,8.998069042222397,1,,0,8.998069042222397,1,0
110,1099,3,14,5.625,7.5,84.0,90.0,9.033594421510536,1,,0,8.983674375005013,1,0
110,1099,3,15,5.625,7.5,90.0,96.0,9.034927287424651,1,,0,8.972208029113109,1,0
110,1099,3,16,5.625,7.5,96.0,102.0,8.97746241325688,1,,0,8.956309845492859,1,0
110,1099,3,17,5.625,7.5,102.0,108.0,8.979699690430618,1,,0,8.959316050214902,1,0
110,1099,3,18,5.625,7.5,108.0,114.0,,0,,0,,0,0
110,1099,3,19,5.625,7.5,114.0,120.0,,0,,0,,0,0
110,1099,3,20,5.625,7.5,120.0,126.0,2.8145402448711043,1,,0,2.8145402448711043,1,0
110,1099,3,21,5.625,7.5,126.0,132.0,3.0804058882232117,1,,0,3.0804058882232117,1,0
110,1099,3,22,5.625,7.5,132.0,138.0,3.041793711755661,1,2.0615488763843746,1,2.1247074313212932,1,1
110,1099,3,23,5.625,7.5,138.0,144.0,3.6553045398888373,1,2.096738880212152,1,2.130724100774792,1,1
110,1099,3,24,5.625,7.5,144.0,150.0,4.308595928447253,1,2.0960917505726555,1,2.101242625231258,1,1
110,1099,3,25,5.625,7.5,150.0,156.0,,0,,0,,0,0
110,1099,3,26,5.625,7.5,156.0,162.0,2.956402189641474,1,1.9704054780330031,1,2.1037790251791724,1,1
110,1099,3,27,5.625,7.5,162.0,168.0,2.8744203381021722,1,2.077200638503146,1,2.1184236887481145,1,1
110,1099,3,28,5.625,7.5,168.0,174.0,3.0529696625951788,1,2.039833980280857,1,2.109970339557994,1,1
110,1099,3,29,5.625,7.5,174.0,180.0,3.0562860161658065,1,,0,2.9537745051764546,1,0
110,1099,3,30,5.625,7.5,180.0,186.0,3.0579979715839687,1,,0,2.9584995831901666,1,0
110,1099,3,31,5.625,7.5,186.0,192.0,3.0647694450448935,1,,0,2.958428739833607,1,0
110,1099,3,32,5.625,7.5,192.0,198.0,4.174692766509228,1,,0,2.9726603364300663,1,0
110,1099,3,33,5.625,7.5,198.0,204.0,3.073401210177137,1,0.04099081750429204,1,2.9723284299684636,1,1
110,1099,3,34,5.625,7.5,204.0,210.0,3.1744105633158672,1,2.0686582963236004,1,2.1181900114154844,1,1
110,1099,3,35,5.625,7.5,210.0,216.0,3.1616907357938335,1,1.1451546622803983,1,2.3518922247751073,1,1
110,1099,3,36,5.625,7.5,216.0,222.0,,0,,0,,0,0
110,1099,3,37,5.625,7.5,222.0,228.0,,0,,0,,0,0
110,1099,3,38,5.625,7.5,228.0,234.0,,0,,0,,0,0
110,1099,3,39,5.625,7.5,234.0,240.0,,0,,0,,0,0
110,1099,3,40,5.625,7.5,240.0,246.0,,0,,0,,0,0
110,1099,3,41,5.625,7.5,246.0,252.0,,0,,0,,0,0
110,1099,3,42,5.625,7.5,252.0,258.0,0.17744888647992169,1,0.17744888647992169,1,,0,0
110,1099,3,43,5.625,7.5,258.0,264.0,5.305586467131694,1,1.8608776800253117,1,2.1027120411204354,1,1
110,1099,3,44,5.625,7.5,264.0,270.0,5.291827669215678,1,0.05462957688010917,1,3.0684002519990163,1,1
110,1099,3,45,5.625,7.5,270.0,276.0,4.187392396291048,1,0.05529150030050238,1,3.0667109197746436,1,1
110,1099,3,46,5.625,7.5,276.0,282.0,4.206950395318763,1,0.05120800804658333,1,3.074919066863637,1,1
110,1099,3,47,5.625,7.5,282.0,288.0,5.3024143550835605,1,2.003588861565838,1,2.1068139442364497,1,1
110,1099,3,48,5.625,7.5,288.0,294.0,4.5556745079469,1,,0,3.903477107645335,1,0
110,1099,3,49,5.625,7.5,294.0,300.0,4.23810762657144,1,1.894154951972401,1,2.1142101527294277,1,1
110,1099,3,50,5.625,7.5,300.0,306.0,3.1252844119250582,1,2.088270230118033,1,2.114659992130384,1,1
110,1099,3,51,5.625,7.5,306.0,312.0,3.114401929418163,1,2.079181723781072,1,2.1204736922504552,1,1
110,1099,3,52,5.625,7.5,312.0,318.0,3.1133022495734695,1,1.8728089728230095,1,2.106413246463098,1,1
110,1099,3,53,5.625,7.5,318.0,324.0,3.1227339652409043,1,2.088553976874974,1,2.1061255233303986,1,1
110,1099,3,54,5.625,7.5,324.0,330.0,3.118284642089991,1,0.9708276118694222,1,2.1667816255399037,1,1
110,1099,3,55,5.625,7.5,330.0,336.0,3.1150602334461985,1,0.5247120460843085,1,3.032210209079638,1,1
110,1099,3,56,5.625,7.5,336.0,342.0,3.1178459067254165,1,,0,3.016166205909629,1,0
110,1099,3,57,5.625,7.5,342.0,348.0,3.1129809378223934,1,,0,3.011891525148748,1,0
110,1099,3,58,5.625,7.5,348.0,354.0,3.87080593389454,1,,0,3.0056488739979574,1,0
110,1099,3,59,5.625,7.5,354.0,360.0,3.088978865486069,1,,0,2.999958491719323,1,0
110,1099,4,0,7.5,9.375,0.0,6.0,3.1088532389318675,1,1.9111274387804749,1,2.9747963652079625,1,1
110,1099,4,1,7.5,9.375,6.0,12.0,3.109294003766763,1,1.8543779007949923,1,2.126470814783159,1,1
110,1099,4,2,7.5,9.375,12.0,18.0,3.059216817974952,1,2.0807348686056573,1,2.110255962631612,1,1
110,1099,4,3,7.5,9.375,18.0,24.0,3.3547648015230265,1,1.1909172766619476,1,3.0480937747246992,1,1
110,1099,4,4,7.5,9.375,24.0,30.0,,0,,0,,0,0
110,1099,4,5,7.5,9.375,30.0,36.0,,0,,0,,0,0
110,1099,4,6,7.5,9.375,36.0,42.0,,0,,0,,0,0
110,1099,4,7,7.5,9.375,42.0,48.0,,0,,0,,0,0
110,1099,4,8,7.5,9.375,48.0,54.0,,0,,0,,0,0
110,1099,4,9,7.5,9.375,54.0,60.0,,0,,0,,0,0
110,1099,4,10,7.5,9.375,60.0,66.0,,0,,0,,0,0
110,1099,4,11,7.5,9.375,66.0,72.0,9.03025488585867,1,,0,9.01649026697614,1,0
110,1099,4,12,7.5,9.375,72.0,78.0,9.019089460731522,1,,0,8.91376600218924,1,0
110,1099,4,13,7.5,9.375,78.0,84.0,9.025286663200422,1,,0,8.914459403951318,1,0
110,1099,4,14,7.5,9.375,84.0,90.0,9.04701496246358,1,,0,8.90929491006164,1,0
110,1099,4,15,7.5,9.375,90.0,96.0,9.025886882930044,1,,0,8.928154747369192,1,0
110,1099,4,16,7.5,9.375,96.0,102.0,9.003169865826889,1,,0,8.930898634466296,1,0
110,1099,4,17,7.5,9.375,102.0,108.0,8.989633458448239,1,,0,8.928823021212128,1,0
110,1099,4,18,7.5,9.375,108.0,114.0,9.004030027499802,1,,0,8.911582577455741,1,0
110,1099,4,19,7.5,9.375,114.0,120.0,9.11079737230341,1,,0,8.91149246651511,1,0
110,1099,4,20,7.5,9.375,120.0,126.0,,0,,0,,0,0
110,1099,4,21,7.5,9.375,126.0,132.0,,0,,0,,0,0
110,1099,4,22,7.5,9.375,132.0,138.0,,0,,0,,0,0
110,1099,4,23,7.5,9.375,138.0,144.0,,0,,0,,0,0
110,1099,4,24,7.5,9.375,144.0,150.0,4.905748901992913,1,1.9886816368326896,1,2.1288411004301393,1,1
110,1099,4,25,7.5,9.375,150.0,156.0,4.99057922252542,1,,0,2.3000981576105537,1,0
110,1099,4,26,7.5,9.375,156.0,162.0,0.4859036477621048,1,0.4859036477621048,1,,0,0
110,1099,4,27,7.5,9.375,162.0,168.0,,0,,0,,0,0
110,1099,4,28,7.5,9.375,168.0,174.0,3.0699795384312356,1,,0,2.9497647845574986,1,0
110,1099,4,29,7.5,9.375,174.0,180.0,3.078902514191238,1,,0,2.931323196592532,1,0
110,1099,4,30,7.5,9.375,180.0,186.0,3.0773307728079904,1,,0,2.9366931133241176,1,0
110,1099,4,31,7.5,9.375,186.0,192.0,4.170593718800149,1,,0,2.9440282553714545,1,0
110,1099,4,32,7.5,9.375,192.0,198.0,3.0878126823796332,1,,0,2.929977668706386,1,0
110,1099,4,33,7.5,9.375,198.0,204.0,3.1585396608014498,1,2.0865851818092827,1,2.1002160708318534,1,1
110,1099,4,34,7.5,9.375,204.0,210.0,3.143512994984699,1,2.0548783214836055,1,2.124250141877718,1,1
110,1099,4,35,7.5,9.375,210.0,216.0,,0,,0,,0,0
110,1099,4,36,7.5,9.375,216.0,222.0,,0,,0,,0,0
110,1099,4,37,7.5,9.375,222.0,228.0,,0,,0,,0,0
110,1099,4,38,7.5,9.375,228.0,234.0,,0,,0,,0,0
110,1099,4,39,7.5,9.375,234.0,240.0,,0,,0,,0,0
110,1099,4,40,7.5,9.375,240.0,246.0,,0,,0,,0,0
110,1099,4,41,7.5,9.375,246.0,252.0,,0,,0,,0,0
110,1099,4,42,7.5,9.375,252.0,258.0,,0,,0,,0,0
110,1099,4,43,7.5,9.375,258.0,264.0,3.1216549921563037,1,,0,3.0854526524909964,1,0
110,1099,4,44,7.5,9.375,264.0,270.0,5.329973110869367,1,0.0814542766870897,1,3.0725117371931505,1,1
110,1099,4,45,7.5,9.375,270.0,276.0,3.103619402929682,1,0.0606362992002128,1,3.0766588400460777,1,1
110,1099,4,46,7.5,9.375,276.0,282.0,3.1007391241545617,1,1.923649319606554,1,2.1270377140786896,1,1
110,1099,4,47,7.5,9.375,282.0,288.0,3.076900018753095,1,2.0622267552844042,1,2.1238288217570016,1,1
110,1099,4,48,7.5,9.375,288.0,294.0,,0,,0,,0,0
110,1099,4,49,7.5,9.375,294.0,300.0,,0,,0,,0,0
110,1099,4,50,7.5,9.375,300.0,306.0,,0,,0,,0,0
110,1099,4,51,7.5,9.375,306.0,312.0,,0,,0,,0,0
110,1099,4,52,7.5,9.375,312.0,318.0,,0,,0,,0,0
110,1099,4,53,7.5,9.375,318.0,324.0,3.1111976268278845,1,2.031709660383814,1,2.1059548565500212,1,1
110,1099,4,54,7.5,9.375,324.0,330.0,3.1275276298356123,1,2.0923259066473556,1,2.122368301583089,1,1
110,1099,4,55,7.5,9.375,330.0,336.0,3.1272571345356095,1,2.086390821533004,1,2.192366499411252,1,1
110,1099,4,56,7.5,9.375,336.0,342.0,3.1312631445472037,1,,0,3.010380600854533,1,0
110,1099,4,57,7.5,9.375,342.0,348.0,3.1172964740291116,1,,0,2.9999215162835737,1,0
110,1099,4,58,7.5,9.375,348.0,354.0,3.113427388263669,1,,0,2.9916661780273968,1,0
110,1099,4,59,7.5,9.375,354.0,360.0,3.1192661149519227,1,,0,2.984035704008886,1,0
110,1099,5,0,9.375,11.25,0.0,6.0,3.123945861385521,1,,0,2.9741310028233694,1,0
110,1099,5,1,9.375,11.25,6.0,12.0,3.1189232225770387,1,,0,2.966847962735631,1,0
110,1099,5,2,9.375,11.25,12.0,18.0,3.0714282581524945,1,,0,3.0539438509133445,1,0
110,1099,5,3,9.375,11.25,18.0,24.0,3.0675611241080922,1,,0,3.0424250153936545,1,0
110,1099,5,4,9.375,11.25,24.0,30.0,,0,,0,,0,0
110,1099,5,5,9.375,11.25,30.0,36.0,,0,,0,,0,0
110,1099,5,6,9.375,11.25,36.0,42.0,,0,,0,,0,0
110,1099,5,7,9.375,11.25,42.0,48.0,,0,,0,,0,0
110,1099,5,8,9.375,11.25,48.0,54.0,,0,,0,,0,0
110,1099,5,9,9.375,11.25,54.0,60.0,9.055499470418354,1,,0,8.876470068931978,1,0
110,1099,5,10,9.375,11.25,60.0,66.0,9.035651195697604,1,,0,8.906873848036271,1,0
110,1099,5,11,9.375,11.25,66.0,72.0,9.025953101449423,1,,0,8.875123582522347,1,0
110,1099,5,12,9.375,11.25,72.0,78.0,9.023585653056188,1,,0,8.887267757065654,1,0
110,1099,5,13,9.375,11.25,78.0,84.0,9.021250480415915,1,,0,8.898954827690066,1,0
110,1099,5,14,9.375,11.25,84.0,90.0,9.03440545881657,1,,0,8.907291739813857,1,0
110,1099,5,15,9.375,11.25,90.0,96.0,9.02188022225808,1,,0,8.877816256248508,1,0
110,1099,5,16,9.375,11.25,96.0,102.0,8.958312949334823,1,,0,8.902905134029295,1,0
110,1099,5,17,9.375,11.25,102.0,108.0,8.960368706990138,1,,0,8.8918026173005,1,0
110,1099,5,18,9.375,11.25,108.0,114.0,9.202217699450767,1,,0,8.915236872901652,1,0
110,1099,5,19,9.375,11.25,114.0,120.0,10.669265753859703,1,,0,9.211865718370122,1,0
110,1099,5,20,9.375,11.25,120.0,126.0,12.368377880358617,1,,0,3.6968210353521394,1,0
110,1099,5,21,9.375,11.25,126.0,132.0,,0,,0,,0,0
110,1099,5,22,9.375,11.25,132.0,138.0,,0,,0,,0,0
110,1099,5,23,9.375,11.25,138.0,144.0,5.833138338500412,1,,0,5.674866061842963,1,0
110,1099,5,24,9.375,11.25,144.0,150.0,6.048999280273428,1,,0,5.814911329842377,1,0
110,1099,5,25,9.375,11.25,150.0,156.0,4.866081733580027,1,,0,3.3316089883385303,1,0
110,1099,5,26,9.375,11.25,156.0,162.0,5.25029638426378,1,,0,3.4808676783780097,1,0
110,1099,5,27,9.375,11.25,162.0,168.0,,0,,0,,0,0
110,1099,5,28,9.375,11.25,168.0,174.0,3.022806639309481,1,,0,2.901760591058945,1,0
110,1099,5,29,9.375,11.25,174.0,180.0,3.040719918636715,1,,0,2.9053823474302614,1,0
110,1099,5,30,9.375,11.25,180.0,186.0,3.0366059938672074,1,,0,2.891388165619458,1,0
110,1099,5,31,9.375,11.25,186.0,192.0,3.0521379199291223,1,,0,2.8733374013149957,1,0
110,1099,5,32,9.375,11.25,192.0,198.0,3.0455023530600513,1,2.0748297118702057,1,2.1020095706801243,1,1
110,1099,5,33,9.375,11.25,198.0,204.0,3.009631944299385,1,2.0840662090226103,1,2.1135980087687605,1,1
110,1099,5,34,9.375,11.25,204.0,210.0,,0,,0,,0,0
110,1099,5,35,9.375,11.25,210.0,216.0,3.165216014051225,1,,0,3.165216014051225,1,0
110,1099,5,36,9.375,11.25,216.0,222.0,,0,,0,,0,0
110,1099,5,37,9.375,11.25,222.0,228.0,,0,,0,,0,0
110,1099,5,38,9.375,11.25,228.0,234.0,,0,,0,,0,0
110,1099,5,39,9.375,11.25,234.0,240.0,,0,,0,,0,0
110,1099,5,40,9.375,11.25,240.0,246.0,,0,,0,,0,0
110,1099,5,41,9.375,11.25,246.0,252.0,,0,,0,,0,0
110,1099,5,42,9.375,11.25,252.0,258.0,,0,,0,,0,0
110,1099,5,43,9.375,11.25,258.0,264.0,,0,,0,,0,0
110,1099,5,44,9.375,11.25,264.0,270.0,3.212950234294241,1,1.9530690190128042,1,2.1273756522000737,1,1
110,1099,5,45,9.375,11.25,270.0,276.0,3.1232967914751217,1,,0,3.0910339807699914,1,0
110,1099,5,46,9.375,11.25,276.0,282.0,3.111498223919082,1,1.9983565489722912,1,2.142294849491327,1,1
110,1099,5,47,9.375,11.25,282.0,288.0,,0,,0,,0,0
110,1099,5,48,9.375,11.25,288.0,294.0,,0,,0,,0,0
110,1099,5,49,9.375,11.25,294.0,300.0,,0,,0,,0,0
110,1099,5,50,9.375,11.25,300.0,306.0,,0,,0,,0,0
110,1099,5,51,9.375,11.25,306.0,312.0,,0,,0,,0,0
110,1099,5,52,9.375,11.25,312.0,318.0,,0,,0,,0,0
110,1099,5,53,9.375,11.25,318.0,324.0,3.0674609727840636,1,,0,3.0674609727840636,1,0
110,1099,5,54,9.375,11.25,324.0,330.0,3.0943211485206015,1,,0,2.9715923409562235,1,0
110,1099,5,55,9.375,11.25,330.0,336.0,3.123131780446726,1,1.885953863247863,1,2.1361690160438145,1,1
110,1099,5,56,9.375,11.25,336.0,342.0,3.1209914189724155,1,1.855645969815691,1,3.0148739751656684,1,1
110,1099,5,57,9.375,11.25,342.0,348.0,3.126525587914973,1,,0,3.0019221024892118,1,0
110,1099,5,58,9.375,11.25,348.0,354.0,3.12060384614183,1,,0,2.991328131541432,1,0
110,1099,5,59,9.375,11.25,354.0,360.0,3.1268537332969126,1,,0,2.981066166176449,1,0
110,1099,6,0,11.25,13.125,0.0,6.0,3.102703821766545,1,,0,2.9284411782939754,1,0
110,1099,6,1,11.25,13.125,6.0,12.0,3.0990128182096837,1,,0,2.9115997382661187,1,0
110,1099,6,2,11.25,13.125,12.0,18.0,,0,,0,,0,0
110,1099,6,3,11.25,13.125,18.0,24.0,,0,,0,,0,0
110,1099,6,4,11.25,13.125,24.0,30.0,,0,,0,,0,0
110,1099,6,5,11.25,13.125,30.0,36.0,,0,,0,,0,0
110,1099,6,6,11.25,13.125,36.0,42.0,,0,,0,,0,0
110,1099,6,7,11.25,13.125,42.0,48.0,,0,,0,,0,0
110,1099,6,8,11.25,13.125,48.0,54.0,,0,,0,,0,0
110,1099,6,9,11.25,13.125,54.0,60.0,9.045198187655842,1,,0,8.886188017296927,1,0
110,1099,6,10,11.25,13.125,60.0,66.0,9.038492323773959,1,,0,8.911485906160818,1,0
110,1099,6,11,11.25,13.125,66.0,72.0,9.025387819062276,1,,0,8.877024401432699,1,0
110,1099,6,12,11.25,13.125,72.0,78.0,9.02311953404181,1,,0,8.859185765178859,1,0
110,1099,6,13,11.25,13.125,78.0,84.0,9.013181948439902,1,,0,8.854979700507405,1,0
110,1099,6,14,11.25,13.125,84.0,90.0,9.011400799823635,1,,0,8.87080718612447,1,0
110,1099,6,15,11.25,13.125,90.0,96.0,8.992937000958639,1,,0,8.874130304095242,1,0
110,1099,6,16,11.25,13.125,96.0,102.0,8.954655659132126,1,,0,8.893909411430787,1,0
110,1099,6,17,11.25,13.125,102.0,108.0,8.941067555118082,1,,0,8.873166663013038,1,0
110,1099,6,18,11.25,13.125,108.0,114.0,8.928290900272248,1,,0,8.928290900272248,1,0
110,1099,6,19,11.25,13.125,114.0,120.0,13.013873687854499,1,,0,4.927946998303601,1,0
110,1099,6,20,11.25,13.125,120.0,126.0,12.795521301268769,1,,0,3.6812585518343837,1,0
110,1099,6,21,11.25,13.125,126.0,132.0,11.624440871005731,1,,0,4.612644665252228,1,0
110,1099,6,22,11.25,13.125,132.0,138.0,,0,,0,,0,0
110,1099,6,23,11.25,13.125,138.0,144.0,,0,,0,,0,0
110,1099,6,24,11.25,13.125,144.0,150.0,6.553589343587923,1,,0,5.704116517118915,1,0
110,1099,6,25,11.25,13.125,150.0,156.0,3.750948616229357,1,,0,2.89294105702223,1,0
110,1099,6,26,11.25,13.125,156.0,162.0,4.487895326102322,1,,0,2.8458523091059558,1,0
110,1099,6,27,11.25,13.125,162.0,168.0,,0,,0,,0,0
110,1099,6,28,11.25,13.125,168.0,174.0,3.0166118975596636,1,1.976612084431537,1,2.135507422186773,1,1
110,1099,6,29,11.25,13.125,174.0,180.0,3.048762219524133,1,2.0728163312892294,1,2.1216551673359785,1,1
110,1099,6,30,11.25,13.125,180.0,186.0,3.058687609315282,1,,0,2.8723041420914974,1,0
110,1099,6,31,11.25,13.125,186.0,192.0,3.0717049575396893,1,,0,2.8518617691920616,1,0
110,1099,6,32,11.25,13.125,192.0,198.0,3.144830501449952,1,1.498581694439303,1,2.138430418443147,1,1
110,1099,6,33,11.25,13.125,198.0,204.0,,0,,0,,0,0
110,1099,6,34,11.25,13.125,204.0,210.0,3.146911881868214,1,,0,3.146911881868214,1,0
110,1099,6,35,11.25,13.125,210.0,216.0,,0,,0,,0,0
110,1099,6,36,11.25,13.125,216.0,222.0,,0,,0,,0,0
110,1099,6,37,11.25,13.125,222.0,228.0,,0,,0,,0,0
110,1099,6,38,11.25,13.125,228.0,234.0,,0,,0,,0,0
110,1099,6,39,11.25,13.125,234.0,240.0,,0,,0,,0,0
110,1099,6,40,11.25,13.125,240.0,246.0,,0,,0,,0,0
110,1099,6,41,11.25,13.125,246.0,252.0,,0,,0,,0,0
110,1099,6,42,11.25,13.125,252.0,258.0,,0,,0,,0,0
110,1099,6,43,11.25,13.125,258.0,264.0,,0,,0,,0,0
110,1099,6,44,11.25,13.125,264.0,270.0,3.2617596244127007,1,2.0486689729814076,1,2.2191783609979234,1,1
110,1099,6,45,11.25,13.125,270.0,276.0,3.1333710489170117,1,,0,3.099790870775289,1,0
110,1099,6,46,11.25,13.125,276.0,282.0,3.13160469675065,1,1.9408232205014273,1,2.1020917288103615,1,1
110,1099,6,47,11.25,13.125,282.0,288.0,,0,,0,,0,0
110,1099,6,48,11.25,13.125,288.0,294.0,,0,,0,,0,0
110,1099,6,49,11.25,13.125,294.0,300.0,,0,,0,,0,0
110,1099,6,50,11.25,13.125,300.0,306.0,,0,,0,,0,0
110,1099,6,51,11.25,13.125,306.0,312.0,,0,,0,,0,0
110,1099,6,52,11.25,13.125,312.0,318.0,,0,,0,,0,0
110,1099,6,53,11.25,13.125,318.0,324.0,3.0468702424666994,1,,0,3.0468702424666994,1,0
110,1099,6,54,11.25,13.125,324.0,330.0,3.163816736233681,1,,0,3.163816736233681,1,0
110,1099,6,55,11.25,13.125,330.0,336.0,3.156366738345283,1,,0,3.018880350333982,1,0
110,1099,6,56,11.25,13.125,336.0,342.0,3.0885472933096043,1,2.0379869686983545,1,2.1059176006410576,1,1
110,1099,6,57,11.25,13.125,342.0,348.0,3.021205406977152,1,2.0124169934232605,1,2.19906157658103,1,1
110,1099,6,58,11.25,13.125,348.0,354.0,3.111419837463858,1,,0,2.9561607005413877,1,0
110,1099,6,59,11.25,13.125,354.0,360.0,3.1058255521635,1,,0,2.9449356935790396,1,0
110,1099,7,0,13.125,15.0,0.0,6.0,2.9628583684942456,1,,0,2.9329288800728475,1,0
110,1099,7,1,13.125,15.0,6.0,12.0,,0,,0,,0,0
110,1099,7,2,13.125,15.0,12.0,18.0,3.117845771990641,1,,0,3.1057218583784594,1,0
110,1099,7,3,13.125,15.0,18.0,24.0,3.0672659738851205,1,,0,3.06071189140469,1,0
110,1099,7,4,13.125,15.0,24.0,30.0,,0,,0,,0,0
110,1099,7,5,13.125,15.0,30.0,36.0,,0,,0,,0,0
110,1099,7,6,13.125,15.0,36.0,42.0,,0,,0,,0,0
110,1099,7,7,13.125,15.0,42.0,48.0,,0,,0,,0,0
110,1099,7,8,13.125,15.0,48.0,54.0,4.611161690922035,1,,0,4.611161690922035,1,0
110,1099,7,9,13.125,15.0,54.0,60.0,9.05179922487898,1,,0,4.328241135252943,1,0
110,1099,7,10,13.125,15.0,60.0,66.0,9.053554962996362,1,,0,8.840525681977814,1,0
110,1099,7,11,13.125,15.0,66.0,72.0,9.052192372091938,1,,0,8.865627914442657,1,0
110,1099,7,12,13.125,15.0,72.0,78.0,9.020488447551598,1,,0,8.869894470515613,1,0
110,1099,7,13,13.125,15.0,78.0,84.0,8.98531166435189,1,-1.256556341610502,1,8.853089312058223,1,1
110,1099,7,14,13.125,15.0,84.0,90.0,8.95552923349085,1,-0.9994264673515695,1,8.859220127072707,1,1
110,1099,7,15,13.125,15.0,90.0,96.0,9.012766192753592,1,,0,8.852463222557091,1,0
110,1099,7,16,13.125,15.0,96.0,102.0,8.946196806487285,1,1.3046252760877253,1,8.861181727264952,1,1
110,1099,7,17,13.125,15.0,102.0,108.0,8.947075960899427,1,1.6137775457510093,1,8.843860647584043,1,1
110,1099,7,18,13.125,15.0,108.0,114.0,14.404844537039136,1,,0,14.404844537039136,1,0
110,1099,7,19,13.125,15.0,114.0,120.0,14.429339023236842,1,,0,14.368422676239996,1,0
110,1099,7,20,13.125,15.0,120.0,126.0,,0,,0,,0,0
110,1099,7,21,13.125,15.0,126.0,132.0,14.386025868901987,1,,0,14.33832769883579,1,0
110,1099,7,22,13.125,15.0,132.0,138.0,14.383490464595775,1,,0,14.383490464595775,1,0
110,1099,7,23,13.125,15.0,138.0,144.0,,0,,0,,0,0
110,1099,7,24,13.125,15.0,144.0,150.0,8.870355742031093,1,,0,3.1887935438133805,1,0
110,1099,7,25,13.125,15.0,150.0,156.0,8.572272875642387,1,,0,2.7349450676124505,1,0
110,1099,7,26,13.125,15.0,156.0,162.0,2.8564651245044637,1,,0,2.618735862983037,1,0
110,1099,7,27,13.125,15.0,162.0,168.0,,0,,0,,0,0
110,1099,7,28,13.125,15.0,168.0,174.0,,0,,0,,0,0
110,1099,7,29,13.125,15.0,174.0,180.0,3.060823550989993,1,,0,2.8590281754639113,1,0
110,1099,7,30,13.125,15.0,180.0,186.0,3.048846227217462,1,,0,2.8613410309818765,1,0
110,1099,7,31,13.125,15.0,186.0,192.0,3.0693023818087024,1,,0,3.0517461564568937,1,0
110,1099,7,32,13.125,15.0,192.0,198.0,3.0477967438588602,1,1.6247584889947406,1,2.2479827316121916,1,1
110,1099,7,33,13.125,15.0,198.0,204.0,,0,,0,,0,0
110,1099,7,34,13.125,15.0,204.0,210.0,,0,,0,,0,0
110,1099,7,35,13.125,15.0,210.0,216.0,,0,,0,,0,0
110,1099,7,36,13.125,15.0,216.0,222.0,,0,,0,,0,0
110,1099,7,37,13.125,15.0,222.0,228.0,,0,,0,,0,0
110,1099,7,38,13.125,15.0,228.0,234.0,,0,,0,,0,0
110,1099,7,39,13.125,15.0,234.0,240.0,,0,,0,,0,0
110,1099,7,40,13.125,15.0,240.0,246.0,,0,,0,,0,0
110,1099,7,41,13.125,15.0,246.0,252.0,,0,,0,,0,0
110,1099,7,42,13.125,15.0,252.0,258.0,,0,,0,,0,0
110,1099,7,43,13.125,15.0,258.0,264.0,,0,,0,,0,0
110,1099,7,44,13.125,15.0,264.0,270.0,3.21241259890196,1,1.5434253562260638,1,2.254430356310745,1,1
110,1099,7,45,13.125,15.0,270.0,276.0,3.1407587227843337,1,,0,3.0929580397304153,1,0
110,1099,7,46,13.125,15.0,276.0,282.0,3.1164732385739993,1,2.072536896558357,1,2.529018518230811,1,1
110,1099,7,47,13.125,15.0,282.0,288.0,,0,,0,,0,0
110,1099,7,48,13.125,15.0,288.0,294.0,,0,,0,,0,0
110,1099,7,49,13.125,15.0,294.0,300.0,,0,,0,,0,0
110,1099,7,50,13.125,15.0,300.0,306.0,,0,,0,,0,0
110,1099,7,51,13.125,15.0,306.0,312.0,,0,,0,,0,0
110,1099,7,52,13.125,15.0,312.0,318.0,,0,,0,,0,0
110,1099,7,53,13.125,15.0,318.0,324.0,,0,,0,,0,0
110,1099,7,54,13.125,15.0,324.0,330.0,,0,,0,,0,0
110,1099,7,55,13.125,15.0,330.0,336.0,3.182080227242575,1,,0,2.994170274149493,1,0
110,1099,7,56,13.125,15.0,336.0,342.0,,0,,0,,0,0
110,1099,7,57,13.125,15.0,342.0,348.0,2.857578406855541,1,1.780393882229968,1,2.112409939991967,1,1
110,1099,7,58,13.125,15.0,348.0,354.0,3.037223577382944,1,0.9638097540299481,1,2.244395066080748,1,1
110,1099,7,59,13.125,15.0,354.0,360.0,2.9696758104218755,1,,0,2.9140731300612237,1,0
110,1099,8,0,15.0,16.875,0.0,6.0,3.1546797950272016,1,,0,3.1511510152126125,1,0
110,1099,8,1,15.0,16.875,6.0,12.0,0.5845301771838542,1,0.5845301771838542,1,,0,0
110,1099,8,2,15.0,16.875,12.0,18.0,,0,,0,,0,0
110,1099,8,3,15.0,16.875,18.0,24.0,3.0860792456776323,1,,0,3.0808751442234095,1,0
110,1099,8,4,15.0,16.875,24.0,30.0,,0,,0,,0,0
110,1099,8,5,15.0,16.875,30.0,36.0,,0,,0,,0,0
110,1099,8,6,15.0,16.875,36.0,42.0,,0,,0,,0,0
110,1099,8,7,15.0,16.875,42.0,48.0,,0,,0,,0,0
110,1099,8,8,15.0,16.875,48.0,54.0,,0,,0,,0,0
110,1099,8,9,15.0,16.875,54.0,60.0,9.038145239808888,1,,0,5.0647274890934355,1,0
110,1099,8,10,15.0,16.875,60.0,66.0,9.036405062521002,1,,0,5.203056573148717,1,0
110,1099,8,11,15.0,16.875,66.0,72.0,9.025108126865245,1,,0,8.820046113174378,1,0
110,1099,8,12,15.0,16.875,72.0,78.0,8.990900030713163,1,,0,8.81050959313474,1,0
110,1099,8,13,15.0,16.875,78.0,84.0,8.9990182218227,1,,0,8.827494219344521,1,0
110,1099,8,14,15.0,16.875,84.0,90.0,9.001267258301985,1,,0,8.87479814580782,1,0
110,1099,8,15,15.0,16.875,90.0,96.0,8.930455044081125,1,,0,8.832412023169404,1,0
110,1099,8,16,15.0,16.875,96.0,102.0,8.940887113974455,1,,0,8.831083570663063,1,0
110,1099,8,17,15.0,16.875,102.0,108.0,8.959480301152034,1,,0,8.864550837498713,1,0
110,1099,8,18,15.0,16.875,108.0,114.0,14.42372196020057,1,,0,14.38315124621976,1,0
110,1099,8,19,15.0,16.875,114.0,120.0,14.451625030491858,1,,0,14.360974464770896,1,0
110,1099,8,20,15.0,16.875,120.0,126.0,14.445815480375439,1,,0,14.441447291888124,1,0
110,1099,8,21,15.0,16.875,126.0,132.0,14.457473986108484,1,,0,14.318273639260664,1,0
110,1099,8,22,15.0,16.875,132.0,138.0,14.362339633094747,1,,0,10.139932148325332,1,0
110,1099,8,23,15.0,16.875,138.0,144.0,13.362363060631125,1,,0,8.514466868178667,1,0
110,1099,8,24,15.0,16.875,144.0,150.0,11.701339429131837,1,,0,8.860170516290705,1,0
110,1099,8,25,15.0,16.875,150.0,156.0,2.9514708677408277,1,,0,2.933042722770448,1,0
110,1099,8,26,15.0,16.875,156.0,162.0,2.8204880731971533,1,,0,2.769936563955607,1,0
110,1099,8,27,15.0,16.875,162.0,168.0,,0,,0,,0,0
110,1099,8,28,15.0,16.875,168.0,174.0,,0,,0,,0,0
110,1099,8,29,15.0,16.875,174.0,180.0,3.059635640449023,1,,0,3.028176648768381,1,0
110,1099,8,30,15.0,16.875,180.0,186.0,3.0783311006922576,1,,0,2.8215034552999327,1,0
110,1099,8,31,15.0,16.875,186.0,192.0,3.0861557552589973,1,,0,3.0433488877629853,1,0
110,1099,8,32,15.0,16.875,192.0,198.0,2.7012422405135594,1,1.6745040763861159,1,2.7012422405135594,1,1
110,1099,8,33,15.0,16.875,198.0,204.0,,0,,0,,0,0
110,1099,8,34,15.0,16.875,204.0,210.0,,0,,0,,0,0
110,1099,8,35,15.0,16.875,210.0,216.0,,0,,0,,0,0
110,1099,8,36,15.0,16.875,216.0,222.0,,0,,0,,0,0
110,1099,8,37,15.0,16.875,222.0,228.0,,0,,0,,0,0
110,1099,8,38,15.0,16.875,228.0,234.0,,0,,0,,0,0
110,1099,8,39,15.0,16.875,234.0,240.0,,0,,0,,0,0
110,1099,8,40,15.0,16.875,240.0,246.0,,0,,0,,0,0
110,1099,8,41,15.0,16.875,246.0,252.0,,0,,0,,0,0
110,1099,8,42,15.0,16.875,252.0,258.0,,0,,0,,0,0
110,1099,8,43,15.0,16.875,258.0,264.0,,0,,0,,0,0
110,1099,8,44,15.0,16.875,264.0,270.0,3.307498621239307,1,1.350378626861637,1,3.09492183211555,1,1
110,1099,8,45,15.0,16.875,270.0,276.0,3.132750844396602,1,,0,3.1160560038078278,1,0
110,1099,8,46,15.0,16.875,276.0,282.0,3.118605171421292,1,2.0932339589693587,1,2.289718243012252,1,1
110,1099,8,47,15.0,16.875,282.0,288.0,,0,,0,,0,0
110,1099,8,48,15.0,16.875,288.0,294.0,,0,,0,,0,0
110,1099,8,49,15.0,16.875,294.0,300.0,,0,,0,,0,0
110,1099,8,50,15.0,16.875,300.0,306.0,,0,,0,,0,0
110,1099,8,51,15.0,16.875,306.0,312.0,,0,,0,,0,0
110,1099,8,52,15.0,16.875,312.0,318.0,,0,,0,,0,0
110,1099,8,53,15.0,16.875,318.0,324.0,,0,,0,,0,0
110,1099,8,54,15.0,16.875,324.0,330.0,,0,,0,,0,0
110,1099,8,55,15.0,16.875,330.0,336.0,,0,,0,,0,0
110,1099,8,56,15.0,16.875,336.0,342.0,,0,,0,,0,0
110,1099,8,57,15.0,16.875,342.0,348.0,,0,,0,,0,0
110,1099,8,58,15.0,16.875,348.0,354.0,3.186141834409082,1,2.018509598535366,1,2.3958044012057327,1,1
110,1099,8,59,15.0,16.875,354.0,360.0,3.1917163431791917,1,,0,2.8910463825525095,1,0
110,1099,9,0,16.875,18.75,0.0,6.0,2.9201982014700243,1,,0,2.9201982014700243,1,0
110,1099,9,1,16.875,18.75,6.0,12.0,,0,,0,,0,0
110,1099,9,2,16.875,18.75,12.0,18.0,3.1002464945325108,1,,0,3.08675721923171,1,0
110,1099,9,3,16.875,18.75,18.0,24.0,,0,,0,,0,0
110,1099,9,4,16.875,18.75,24.0,30.0,,0,,0,,0,0
110,1099,9,5,16.875,18.75,30.0,36.0,,0,,0,,0,0
110,1099,9,6,16.875,18.75,36.0,42.0,,0,,0,,0,0
110,1099,9,7,16.875,18.75,42.0,48.0,,0,,0,,0,0
110,1099,9,8,16.875,18.75,48.0,54.0,,0,,0,,0,0
110,1099,9,9,16.875,18.75,54.0,60.0,8.992730218137202,1,,0,8.822133828216813,1,0
110,1099,9,10,16.875,18.75,60.0,66.0,9.011472630119595,1,,0,5.62773608481324,1,0
110,1099,9,11,16.875,18.75,66.0,72.0,9.020227156438121,1,,0,8.83566524469409,1,0
110,1099,9,12,16.875,18.75,72.0,78.0,9.018498677553948,1,-0.10661414538286715,1,3.027058989879519,1,1
110,1099,9,13,16.875,18.75,78.0,84.0,8.998306714737655,1,1.0157200218002982,1,2.238351040128337,1,1
110,1099,9,14,16.875,18.75,84.0,90.0,9.000097351896839,1,0.42617637329819946,1,2.5393563694009766,1,1
110,1099,9,15,16.875,18.75,90.0,96.0,8.962476738658655,1,,0,2.9417757828978024,1,0
110,1099,9,16,16.875,18.75,96.0,102.0,8.9383507154858,1,,0,2.950613295968364,1,0
110,1099,9,17,16.875,18.75,102.0,108.0,10.96981522886012,1,,0,3.39444858183604,1,0
110,1099,9,18,16.875,18.75,108.0,114.0,14.471866578031117,1,,0,10.208406582651453,1,0
110,1099,9,19,16.875,18.75,114.0,120.0,14.423976250766218,1,,0,14.35288135208049,1,0
110,1099,9,20,16.875,18.75,120.0,126.0,14.506705395806133,1,,0,14.396788194261111,1,0
110,1099,9,21,16.875,18.75,126.0,132.0,14.501470831812867,1,,0,14.332762660367028,1,0
110,1099,9,22,16.875,18.75,132.0,138.0,14.340466359074233,1,,0,14.307559687052505,1,0
110,1099,9,23,16.875,18.75,138.0,144.0,14.344881763200714,1,,0,14.315109213516706,1,0
110,1099,9,24,16.875,18.75,144.0,150.0,,0,,0,,0,0
110,1099,9,25,16.875,18.75,150.0,156.0,,0,,0,,0,0
110,1099,9,26,16.875,18.75,156.0,162.0,,0,,0,,0,0
110,1099,9,27,16.875,18.75,162.0,168.0,,0,,0,,0,0
110,1099,9,28,16.875,18.75,168.0,174.0,,0,,0,,0,0
110,1099,9,29,16.875,18.75,174.0,180.0,3.0339781036268256,1,,0,2.790183163929635,1,0
110,1099,9,30,16.875,18.75,180.0,186.0,3.059009922141927,1,,0,2.786275077612368,1,0
110,1099,9,31,16.875,18.75,186.0,192.0,3.0636739787142684,1,0.4993725286369596,1,2.8508616706876584,1,1
110,1099,9,32,16.875,18.75,192.0,198.0,3.018988746986993,1,,0,3.018988746986993,1,0
110,1099,9,33,16.875,18.75,198.0,204.0,,0,,0,,0,0
110,1099,9,34,16.875,18.75,204.0,210.0,,0,,0,,0,0
110,1099,9,35,16.875,18.75,210.0,216.0,,0,,0,,0,0
110,1099,9,36,16.875,18.75,216.0,222.0,,0,,0,,0,0
110,1099,9,37,16.875,18.75,222.0,228.0,,0,,0,,0,0
110,1099,9,38,16.875,18.75,228.0,234.0,,0,,0,,0,0
110,1099,9,39,16.875,18.75,234.0,240.0,,0,,0,,0,0
110,1099,9,40,16.875,18.75,240.0,246.0,,0,,0,,0,0
110,1099,9,41,16.875,18.75,246.0,252.0,,0,,0,,0,0
110,1099,9,42,16.875,18.75,252.0,258.0,,0,,0,,0,0
110,1099,9,43,16.875,18.75,258.0,264.0,,0,,0,,0,0
110,1099,9,44,16.875,18.75,264.0,270.0,,0,,0,,0,0
110,1099,9,45,16.875,18.75,270.0,276.0,3.1555867399451416,1,2.0641164893215285,1,2.234176379877261,1,1
110,1099,9,46,16.875,18.75,276.0,282.0,3.143425500262818,1,1.288485726630524,1,3.143425500262818,1,1
110,1099,9,47,16.875,18.75,282.0,288.0,,0,,0,,0,0
110,1099,9,48,16.875,18.75,288.0,294.0,,0,,0,,0,0
110,1099,9,49,16.875,18.75,294.0,300.0,,0,,0,,0,0
110,1099,9,50,16.875,18.75,300.0,306.0,,0,,0,,0,0
110,1099,9,51,16.875,18.75,306.0,312.0,,0,,0,,0,0
110,1099,9,52,16.875,18.75,312.0,318.0,,0,,0,,0,0
110,1099,9,53,16.875,18.75,318.0,324.0,,0,,0,,0,0
110,1099,9,54,16.875,18.75,324.0,330.0,,0,,0,,0,0
110,1099,9,55,16.875,18.75,330.0,336.0,,0,,0,,0,0
110,1099,9,56,16.875,18.75,336.0,342.0,,0,,0,,0,0
110,1099,9,57,16.875,18.75,342.0,348.0,,0,,0,,0,0
110,1099,9,58,16.875,18.75,348.0,354.0,3.191826642014068,1,1.0571197111168642,1,2.187467055553727,1,1
110,1099,9,59,16.875,18.75,354.0,360.0,3.195798679863657,1,,0,2.883012260493186,1,0
110,1099,10,0,18.75,20.625,0.0,6.0,2.944094568683902,1,1.0960666929152143,1,2.2044716007882097,1,1
110,1099,10,1,18.75,20.625,6.0,12.0,,0,,0,,0,0
110,1099,10,2,18.75,20.625,12.0,18.0,3.128893811720465,1,,0,2.8685811550737843,1,0
110,1099,10,3,18.75,20.625,18.0,24.0,3.212666399008456,1,,0,2.916974974235441,1,0
110,1099,10,4,18.75,20.625,24.0,30.0,,0,,0,,0,0
110,1099,10,5,18.75,20.625,30.0,36.0,,0,,0,,0,0
110,1099,10,6,18.75,20.625,36.0,42.0,,0,,0,,0,0
110,1099,10,7,18.75,20.625,42.0,48.0,,0,,0,,0,0
110,1099,10,8,18.75,20.625,48.0,54.0,,0,,0,,0,0
110,1099,10,9,18.75,20.625,54.0,60.0,9.012885844827816,1,,0,8.758842979213663,1,0
110,1099,10,10,18.75,20.625,60.0,66.0,9.029393740315752,1,,0,7.339199103538285,1,0
110,1099,10,11,18.75,20.625,66.0,72.0,9.040674698377742,1,,0,5.747321869889441,1,0
110,1099,10,12,18.75,20.625,72.0,78.0,8.992441081365616,1,,0,2.751097786650594,1,0
110,1099,10,13,18.75,20.625,78.0,84.0,8.964934641667545,1,,0,8.799800655521672,1,0
110,1099,10,14,18.75,20.625,84.0,90.0,8.77793538651018,1,,0,8.77793538651018,1,0
110,1099,10,15,18.75,20.625,90.0,96.0,9.08378288406868,1,,0,7.9322443268000695,1,0
110,1099,10,16,18.75,20.625,96.0,102.0,8.936540843883474,1,,0,8.752378234528713,1,0
110,1099,10,17,18.75,20.625,102.0,108.0,14.07083532866903,1,,0,7.298826985813269,1,0
110,1099,10,18,18.75,20.625,108.0,114.0,14.381002603627117,1,,0,5.399375986054518,1,0
110,1099,10,19,18.75,20.625,114.0,120.0,14.41842279635993,1,,0,8.792807718242848,1,0
110,1099,10,20,18.75,20.625,120.0,126.0,14.430925345866713,1,,0,14.39868651627683,1,0
110,1099,10,21,18.75,20.625,126.0,132.0,14.514047821417751,1,,0,14.302541147940211,1,0
110,1099,10,22,18.75,20.625,132.0,138.0,14.509411159977718,1,,0,14.248308652655933,1,0
110,1099,10,23,18.75,20.625,138.0,144.0,14.284996375874405,1,,0,14.261234560079462,1,0
110,1099,10,24,18.75,20.625,144.0,150.0,,0,,0,,0,0
110,1099,10,25,18.75,20.625,150.0,156.0,,0,,0,,0,0
110,1099,10,26,18.75,20.625,156.0,162.0,2.733796430003237,1,,0,2.733796430003237,1,0
110,1099,10,27,18.75,20.625,162.0,168.0,,0,,0,,0,0
110,1099,10,28,18.75,20.625,168.0,174.0,,0,,0,,0,0
110,1099,10,29,18.75,20.625,174.0,180.0,2.9189230366860404,1,1.7943969194270444,1,2.9189230366860404,1,1
110,1099,10,30,18.75,20.625,180.0,186.0,3.0291341361140764,1,,0,3.024806498986813,1,0
110,1099,10,31,18.75,20.625,186.0,192.0,3.0418905489277375,1,0.7505932482894623,1,3.0183658651144056,1,1
110,1099,10,32,18.75,20.625,192.0,198.0,,0,,0,,0,0
110,1099,10,33,18.75,20.625,198.0,204.0,,0,,0,,0,0
110,1099,10,34,18.75,20.625,204.0,210.0,,0,,0,,0,0
110,1099,10,35,18.75,20.625,210.0,216.0,,0,,0,,0,0
110,1099,10,36,18.75,20.625,216.0,222.0,,0,,0,,0,0
110,1099,10,37,18.75,20.625,222.0,228.0,,0,,0,,0,0
110,1099,10,38,18.75,20.625,228.0,234.0,,0,,0,,0,0
110,1099,10,39,18.75,20.625,234.0,240.0,,0,,0,,0,0
110,1099,10,40,18.75,20.625,240.0,246.0,,0,,0,,0,0
110,1099,10,41,18.75,20.625,246.0,252.0,,0,,0,,0,0
110,1099,10,42,18.75,20.625,252.0,258.0,,0,,0,,0,0
110,1099,10,43,18.75,20.625,258.0,264.0,,0,,0,,0,0
110,1099,10,44,18.75,20.625,264.0,270.0,3.1041490903898037,1,2.0989357144651453,1,3.1041490903898037,1,1
110,1099,10,45,18.75,20.625,270.0,276.0,3.1416399996275612,1,1.2411509732879122,1,2.657685635105302,1,1
110,1099,10,46,18.75,20.625,276.0,282.0,,0,,0,,0,0
110,1099,10,47,18.75,20.625,282.0,288.0,,0,,0,,0,0
110,1099,10,48,18.75,20.625,288.0,294.0,,0,,0,,0,0
110,1099,10,49,18.75,20.625,294.0,300.0,,0,,0,,0,0
110,1099,10,50,18.75,20.625,300.0,306.0,,0,,0,,0,0
110,1099,10,51,18.75,20.625,306.0,312.0,,0,,0,,0,0
110,1099,10,52,18.75,20.625,312.0,318.0,,0,,0,,0,0
110,1099,10,53,18.75,20.625,318.0,324.0,,0,,0,,0,0
110,1099,10,54,18.75,20.625,324.0,330.0,,0,,0,,0,0
110,1099,10,55,18.75,20.625,330.0,336.0,1.5496172510169728,1,1.5496172510169728,1,,0,0
110,1099,10,56,18.75,20.625,336.0,342.0,,0,,0,,0,0
110,1099,10,57,18.75,20.625,342.0,348.0,,0,,0,,0,0
110,1099,10,58,18.75,20.625,348.0,354.0,3.198313145028791,1,1.1244673142647201,1,2.256258388255487,1,1
110,1099,10,59,18.75,20.625,354.0,360.0,3.2084036933733207,1,1.1121908016961743,1,2.2048718269486574,1,1
110,1099,11,0,20.625,22.5,0.0,6.0,,0,,0,,0,0
110,1099,11,1,20.625,22.5,6.0,12.0,,0,,0,,0,0
110,1099,11,2,20.625,22.5,12.0,18.0,,0,,0,,0,0
110,1099,11,3,20.625,22.5,18.0,24.0,,0,,0,,0,0
110,1099,11,4,20.625,22.5,24.0,30.0,,0,,0,,0,0
110,1099,11,5,20.625,22.5,30.0,36.0,,0,,0,,0,0
110,1099,11,6,20.625,22.5,36.0,42.0,,0,,0,,0,0
110,1099,11,7,20.625,22.5,42.0,48.0,,0,,0,,0,0
110,1099,11,8,20.625,22.5,48.0,54.0,,0,,0,,0,0
110,1099,11,9,20.625,22.5,54.0,60.0,8.753308115351746,1,,0,8.753308115351746,1,0
110,1099,11,10,20.625,22.5,60.0,66.0,9.036376323326087,1,,0,8.690334373129842,1,0
110,1099,11,11,20.625,22.5,66.0,72.0,8.991698816691487,1,,0,6.869847662664766,1,0
110,1099,11,12,20.625,22.5,72.0,78.0,8.958667861236098,1,,0,8.791045150766095,1,0
110,1099,11,13,20.625,22.5,78.0,84.0,8.971805954213577,1,,0,2.7758235597766596,1,0
110,1099,11,14,20.625,22.5,84.0,90.0,,0,,0,,0,0
110,1099,11,15,20.625,22.5,90.0,96.0,9.181984240165606,1,,0,8.910383114494591,1,0
110,1099,11,16,20.625,22.5,96.0,102.0,9.038156917911724,1,,0,8.784575343496304,1,0
110,1099,11,17,20.625,22.5,102.0,108.0,8.892911226650993,1,,0,8.773003224423126,1,0
110,1099,11,18,20.625,22.5,108.0,114.0,8.841524084321751,1,,0,8.819441123112588,1,0
110,1099,11,19,20.625,22.5,114.0,120.0,13.419011086542579,1,,0,8.775858491303076,1,0
110,1099,11,20,20.625,22.5,120.0,126.0,14.423316616382857,1,,0,9.840920512751676,1,0
110,1099,11,21,20.625,22.5,126.0,132.0,14.480788102916218,1,,0,10.265258745672897,1,0
110,1099,11,22,20.625,22.5,132.0,138.0,14.549200899423255,1,,0,14.238298329706568,1,0
110,1099,11,23,20.625,22.5,138.0,144.0,,0,,0,,0,0
110,1099,11,24,20.625,22.5,144.0,150.0,14.293426968405937,1,,0,14.276838829247593,1,0
110,1099,11,25,20.625,22.5,150.0,156.0,14.228742209103062,1,,0,14.157712727080726,1,0
110,1099,11,26,20.625,22.5,156.0,162.0,,0,,0,,0,0
110,1099,11,27,20.625,22.5,162.0,168.0,,0,,0,,0,0
110,1099,11,28,20.625,22.5,168.0,174.0,,0,,0,,0,0
110,1099,11,29,20.625,22.5,174.0,180.0,1.9222749007032682,1,1.9222749007032682,1,,0,0
110,1099,11,30,20.625,22.5,180.0,186.0,,0,,0,,0,0
110,1099,11,31,20.625,22.5,186.0,192.0,2.1729436082028246,1,1.5826464402744362,1,2.1729436082028246,1,1
110,1099,11,32,20.625,22.5,192.0,198.0,,0,,0,,0,0
110,1099,11,33,20.625,22.5,198.0,204.0,,0,,0,,0,0
110,1099,11,34,20.625,22.5,204.0,210.0,,0,,0,,0,0
110,1099,11,35,20.625,22.5,210.0,216.0,,0,,0,,0,0
110,1099,11,36,20.625,22.5,216.0,222.0,,0,,0,,0,0
110,1099,11,37,20.625,22.5,222.0,228.0,,0,,0,,0,0
110,1099,11,38,20.625,22.5,228.0,234.0,,0,,0,,0,0
110,1099,11,39,20.625,22.5,234.0,240.0,,0,,0,,0,0
110,1099,11,40,20.625,22.5,240.0,246.0,,0,,0,,0,0
110,1099,11,41,20.625,22.5,246.0,252.0,,0,,0,,0,0
110,1099,11,42,20.625,22.5,252.0,258.0,,0,,0,,0,0
110,1099,11,43,20.625,22.5,258.0,264.0,,0,,0,,0,0
110,1099,11,44,20.625,22.5,264.0,270.0,3.19480058762201,1,,0,3.19480058762201,1,0
110,1099,11,45,20.625,22.5,270.0,276.0,3.1039704708712863,1,0.5861452017676936,1,2.644997974761757,1,1
110,1099,11,46,20.625,22.5,276.0,282.0,,0,,0,,0,0
110,1099,11,47,20.625,22.5,282.0,288.0,,0,,0,,0,0
110,1099,11,48,20.625,22.5,288.0,294.0,,0,,0,,0,0
110,1099,11,49,20.625,22.5,294.0,300.0,,0,,0,,0,0
110,1099,11,50,20.625,22.5,300.0,306.0,,0,,0,,0,0
110,1099,11,51,20.625,22.5,306.0,312.0,,0,,0,,0,0
110,1099,11,52,20.625,22.5,312.0,318.0,,0,,0,,0,0
110,1099,11,53,20.625,22.5,318.0,324.0,,0,,0,,0,0
110,1099,11,54,20.625,22.5,324.0,330.0,,0,,0,,0,0
110,1099,11,55,20.625,22.5,330.0,336.0,,0,,0,,0,0
110,1099,11,56,20.625,22.5,336.0,342.0,,0,,0,,0,0
110,1099,11,57,20.625,22.5,342.0,348.0,,0,,0,,0,0
110,1099,11,58,20.625,22.5,348.0,354.0,,0,,0,,0,0
110,1099,11,59,20.625,22.5,354.0,360.0,,0,,0,,0,0
110,1099,12,0,22.5,24.375,0.0,6.0,,0,,0,,0,0
110,1099,12,1,22.5,24.375,6.0,12.0,,0,,0,,0,0
110,1099,12,2,22.5,24.375,12.0,18.0,,0,,0,,0,0
110,1099,12,3,22.5,24.375,18.0,24.0,,0,,0,,0,0
110,1099,12,4,22.5,24.375,24.0,30.0,,0,,0,,0,0
110,1099,12,5,22.5,24.375,30.0,36.0,,0,,0,,0,0
110,1099,12,6,22.5,24.375,36.0,42.0,,0,,0,,0,0
110,1099,12,7,22.5,24.375,42.0,48.0,,0,,0,,0,0
110,1099,12,8,22.5,24.375,48.0,54.0,,0,,0,,0,0
110,1099,12,9,22.5,24.375,54.0,60.0,,0,,0,,0,0
110,1099,12,10,22.5,24.375,60.0,66.0,8.675022192354602,1,,0,8.675022192354602,1,0
110,1099,12,11,22.5,24.375,66.0,72.0,8.701409438833153,1,,0,8.701409438833153,1,0
110,1099,12,12,22.5,24.375,72.0,78.0,8.796061152893119,1,,0,8.720636881875533,1,0
110,1099,12,13,22.5,24.375,78.0,84.0,8.800013848721818,1,,0,8.787623587592979,1,0
110,1099,12,14,22.5,24.375,84.0,90.0,8.890750886362468,1,,0,8.758144684426684,1,0
110,1099,12,15,22.5,24.375,90.0,96.0,8.835759616771362,1,,0,2.733830635995967,1,0
110,1099,12,16,22.5,24.375,96.0,102.0,8.797295696633096,1,,0,2.8551687136433004,1,0
110,1099,12,17,22.5,24.375,102.0,108.0,8.881425759086632,1,,0,8.754498771000556,1,0
110,1099,12,18,22.5,24.375,108.0,114.0,8.985512597463716,1,,0,8.83105751872871,1,0
110,1099,12,19,22.5,24.375,114.0,120.0,8.873173141224978,1,,0,8.873173141224978,1,0
110,1099,12,20,22.5,24.375,120.0,126.0,,0,,0,,0,0
110,1099,12,21,22.5,24.375,126.0,132.0,14.434465651434584,1,,0,10.633503629813477,1,0
110,1099,12,22,22.5,24.375,132.0,138.0,14.497218762153091,1,,0,13.886613859148532,1,0
110,1099,12,23,22.5,24.375,138.0,144.0,14.28670777816923,1,,0,14.225286620355162,1,0
110,1099,12,24,22.5,24.375,144.0,150.0,14.490829026973236,1,,0,13.918712989632471,1,0
110,1099,12,25,22.5,24.375,150.0,156.0,,0,,0,,0,0
110,1099,12,26,22.5,24.375,156.0,162.0,,0,,0,,0,0
110,1099,12,27,22.5,24.375,162.0,168.0,,0,,0,,0,0
110,1099,12,28,22.5,24.375,168.0,174.0,,0,,0,,0,0
110,1099,12,29,22.5,24.375,174.0,180.0,,0,,0,,0,0
110,1099,12,30,22.5,24.375,180.0,186.0,,0,,0,,0,0
110,1099,12,31,22.5,24.375,186.0,192.0,,0,,0,,0,0
110,1099,12,32,22.5,24.375,192.0,198.0,,0,,0,,0,0
110,1099,12,33,22.5,24.375,198.0,204.0,,0,,0,,0,0
110,1099,12,34,22.5,24.375,204.0,210.0,,0,,0,,0,0
110,1099,12,35,22.5,24.375,210.0,216.0,,0,,0,,0,0
110,1099,12,36,22.5,24.375,216.0,222.0,,0,,0,,0,0
110,1099,12,37,22.5,24.375,222.0,228.0,,0,,0,,0,0
110,1099,12,38,22.5,24.375,228.0,234.0,,0,,0,,0,0
110,1099,12,39,22.5,24.375,234.0,240.0,,0,,0,,0,0
110,1099,12,40,22.5,24.375,240.0,246.0,,0,,0,,0,0
110,1099,12,41,22.5,24.375,246.0,252.0,,0,,0,,0,0
110,1099,12,42,22.5,24.375,252.0,258.0,,0,,0,,0,0
110,1099,12,43,22.5,24.375,258.0,264.0,,0,,0,,0,0
110,1099,12,44,22.5,24.375,264.0,270.0,3.1442329519546552,1,,0,3.1442329519546552,1,0
110,1099,12,45,22.5,24.375,270.0,276.0,3.1977988397916537,1,,0,2.671545424960094,1,0
110,1099,12,46,22.5,24.375,276.0,282.0,,0,,0,,0,0
110,1099,12,47,22.5,24.375,282.0,288.0,,0,,0,,0,0
110,1099,12,48,22.5,24.375,288.0,294.0,,0,,0,,0,0
110,1099,12,49,22.5,24.375,294.0,300.0,,0,,0,,0,0
110,1099,12,50,22.5,24.375,300.0,306.0,,0,,0,,0,0
110,1099,12,51,22.5,24.375,306.0,312.0,,0,,0,,0,0
110,1099,12,52,22.5,24.375,312.0,318.0,,0,,0,,0,0
110,1099,12,53,22.5,24.375,318.0,324.0,,0,,0,,0,0
110,1099,12,54,22.5,24.375,324.0,330.0,,0,,0,,0,0
110,1099,12,55,22.5,24.375,330.0,336.0,,0,,0,,0,0
110,1099,12,56,22.5,24.375,336.0,342.0,,0,,0,,0,0
110,1099,12,57,22.5,24.375,342.0,348.0,,0,,0,,0,0
110,1099,12,58,22.5,24.375,348.0,354.0,,0,,0,,0,0
110,1099,12,59,22.5,24.375,354.0,360.0,,0,,0,,0,0
110,1099,13,0,24.375,26.25,0.0,6.0,,0,,0,,0,0
110,1099,13,1,24.375,26.25,6.0,12.0,,0,,0,,0,0
110,1099,13,2,24.375,26.25,12.0,18.0,,0,,0,,0,0
110,1099,13,3,24.375,26.25,18.0,24.0,,0,,0,,0,0
110,1099,13,4,24.375,26.25,24.0,30.0,,0,,0,,0,0
110,1099,13,5,24.375,26.25,30.0,36.0,,0,,0,,0,0
110,1099,13,6,24.375,26.25,36.0,42.0,,0,,0,,0,0
110,1099,13,7,24.375,26.25,42.0,48.0,,0,,0,,0,0
110,1099,13,8,24.375,26.25,48.0,54.0,,0,,0,,0,0
110,1099,13,9,24.375,26.25,54.0,60.0,,0,,0,,0,0
110,1099,13,10,24.375,26.25,60.0,66.0,,0,,0,,0,0
110,1099,13,11,24.375,26.25,66.0,72.0,8.64861224500295,1,,0,8.64861224500295,1,0
110,1099,13,12,24.375,26.25,72.0,78.0,8.754998646855356,1,,0,8.699662841478508,1,0
110,1099,13,13,24.375,26.25,78.0,84.0,8.80063844924943,1,1.637410481636734,1,8.80063844924943,1,1
110,1099,13,14,24.375,26.25,84.0,90.0,,0,,0,,0,0
110,1099,13,15,24.375,26.25,90.0,96.0,,0,,0,,0,0
110,1099,13,16,24.375,26.25,96.0,102.0,,0,,0,,0,0
110,1099,13,17,24.375,26.25,102.0,108.0,,0,,0,,0,0
110,1099,13,18,24.375,26.25,108.0,114.0,,0,,0,,0,0
110,1099,13,19,24.375,26.25,114.0,120.0,,0,,0,,0,0
110,1099,13,20,24.375,26.25,120.0,126.0,,0,,0,,0,0
110,1099,13,21,24.375,26.25,126.0,132.0,13.122218867244676,1,,0,13.122218867244676,1,0
110,1099,13,22,24.375,26.25,132.0,138.0,14.534118041404158,1,,0,12.550802022741204,1,0
110,1099,13,23,24.375,26.25,138.0,144.0,14.362646415771142,1,,0,14.232261685187595,1,0
110,1099,13,24,24.375,26.25,144.0,150.0,,0,,0,,0,0
110,1099,13,25,24.375,26.25,150.0,156.0,,0,,0,,0,0
110,1099,13,26,24.375,26.25,156.0,162.0,,0,,0,,0,0
110,1099,13,27,24.375,26.25,162.0,168.0,,0,,0,,0,0
110,1099,13,28,24.375,26.25,168.0,174.0,,0,,0,,0,0
110,1099,13,29,24.375,26.25,174.0,180.0,1.5474910020048018,1,1.5474910020048018,1,,0,0
110,1099,13,30,24.375,26.25,180.0,186.0,,0,,0,,0,0
110,1099,13,31,24.375,26.25,186.0,192.0,1.7797566253437371,1,1.7797566253437371,1,,0,0
110,1099,13,32,24.375,26.25,192.0,198.0,,0,,0,,0,0
110,1099,13,33,24.375,26.25,198.0,204.0,,0,,0,,0,0
110,1099,13,34,24.375,26.25,204.0,210.0,,0,,0,,0,0
110,1099,13,35,24.375,26.25,210.0,216.0,,0,,0,,0,0
110,1099,13,36,24.375,26.25,216.0,222.0,,0,,0,,0,0
110,1099,13,37,24.375,26.25,222.0,228.0,,0,,0,,0,0
110,1099,13,38,24.375,26.25,228.0,234.0,,0,,0,,0,0
110,1099,13,39,24.375,26.25,234.0,240.0,,0,,0,,0,0
110,1099,13,40,24.375,26.25,240.0,246.0,,0,,0,,0,0
110,1099,13,41,24.375,26.25,246.0,252.0,,0,,0,,0,0
110,1099,13,42,24.375,26.25,252.0,258.0,,0,,0,,0,0
110,1099,13,43,24.375,26.25,258.0,264.0,,0,,0,,0,0
110,1099,13,44,24.375,26.25,264.0,270.0,3.081066163078756,1,,0,3.081066163078756,1,0
110,1099,13,45,24.375,26.25,270.0,276.0,3.191688125377679,1,,0,3.083773289685971,1,0
110,1099,13,46,24.375,26.25,276.0,282.0,,0,,0,,0,0
110,1099,13,47,24.375,26.25,282.0,288.0,,0,,0,,0,0
110,1099,13,48,24.375,26.25,288.0,294.0,,0,,0,,0,0
110,1099,13,49,24.375,26.25,294.0,300.0,,0,,0,,0,0
110,1099,13,50,24.375,26.25,300.0,306.0,,0,,0,,0,0
110,1099,13,51,24.375,26.25,306.0,312.0,,0,,0,,0,0
110,1099,13,52,24.375,26.25,312.0,318.0,,0,,0,,0,0
110,1099,13,53,24.375,26.25,318.0,324.0,,0,,0,,0,0
110,1099,13,54,24.375,26.25,324.0,330.0,3.021113698712387,1,,0,3.021113698712387,1,0
110,1099,13,55,24.375,26.25,330.0,336.0,,0,,0,,0,0
110,1099,13,56,24.375,26.25,336.0,342.0,,0,,0,,0,0
110,1099,13,57,24.375,26.25,342.0,348.0,,0,,0,,0,0
110,1099,13,58,24.375,26.25,348.0,354.0,,0,,0,,0,0
110,1099,13,59,24.375,26.25,354.0,360.0,,0,,0,,0,0
110,1099,14,0,26.25,28.125,0.0,6.0,,0,,0,,0,0
110,1099,14,1,26.25,28.125,6.0,12.0,,0,,0,,0,0
110,1099,14,2,26.25,28.125,12.0,18.0,,0,,0,,0,0
110,1099,14,3,26.25,28.125,18.0,24.0,,0,,0,,0,0
110,1099,14,4,26.25,28.125,24.0,30.0,,0,,0,,0,0
110,1099,14,5,26.25,28.125,30.0,36.0,,0,,0,,0,0
110,1099,14,6,26.25,28.125,36.0,42.0,,0,,0,,0,0
110,1099,14,7,26.25,28.125,42.0,48.0,,0,,0,,0,0
110,1099,14,8,26.25,28.125,48.0,54.0,,0,,0,,0,0
110,1099,14,9,26.25,28.125,54.0,60.0,,0,,0,,0,0
110,1099,14,10,26.25,28.125,60.0,66.0,,0,,0,,0,0
110,1099,14,11,26.25,28.125,66.0,72.0,,0,,0,,0,0
110,1099,14,12,26.25,28.125,72.0,78.0,,0,,0,,0,0
110,1099,14,13,26.25,28.125,78.0,84.0,,0,,0,,0,0
110,1099,14,14,26.25,28.125,84.0,90.0,,0,,0,,0,0
110,1099,14,15,26.25,28.125,90.0,96.0,,0,,0,,0,0
110,1099,14,16,26.25,28.125,96.0,102.0,,0,,0,,0,0
110,1099,14,17,26.25,28.125,102.0,108.0,,0,,0,,0,0
110,1099,14,18,26.25,28.125,108.0,114.0,,0,,0,,0,0
110,1099,14,19,26.25,28.125,114.0,120.0,,0,,0,,0,0
110,1099,14,20,26.25,28.125,120.0,126.0,,0,,0,,0,0
110,1099,14,21,26.25,28.125,126.0,132.0,,0,,0,,0,0
110,1099,14,22,26.25,28.125,132.0,138.0,,0,,0,,0,0
110,1099,14,23,26.25,28.125,138.0,144.0,14.023778178498613,1,,0,13.931305259297828,1,0
110,1099,14,24,26.25,28.125,144.0,150.0,,0,,0,,0,0
110,1099,14,25,26.25,28.125,150.0,156.0,,0,,0,,0,0
110,1099,14,26,26.25,28.125,156.0,162.0,,0,,0,,0,0
110,1099,14,27,26.25,28.125,162.0,168.0,,0,,0,,0,0
110,1099,14,28,26.25,28.125,168.0,174.0,,0,,0,,0,0
110,1099,14,29,26.25,28.125,174.0,180.0,,0,,0,,0,0
110,1099,14,30,26.25,28.125,180.0,186.0,,0,,0,,0,0
110,1099,14,31,26.25,28.125,186.0,192.0,,0,,0,,0,0
110,1099,14,32,26.25,28.125,192.0,198.0,,0,,0,,0,0
110,1099,14,33,26.25,28.125,198.0,204.0,,0,,0,,0,0
110,1099,14,34,26.25,28.125,204.0,210.0,,0,,0,,0,0
110,1099,14,35,26.25,28.125,210.0,216.0,,0,,0,,0,0
110,1099,14,36,26.25,28.125,216.0,222.0,,0,,0,,0,0
110,1099,14,37,26.25,28.125,222.0,228.0,,0,,0,,0,0
110,1099,14,38,26.25,28.125,228.0,234.0,,0,,0,,0,0
110,1099,14,39,26.25,28.125,234.0,240.0,,0,,0,,0,0
110,1099,14,40,26.25,28.125,240.0,246.0,,0,,0,,0,0
110,1099,14,41,26.25,28.125,246.0,252.0,,0,,0,,0,0
110,1099,14,42,26.25,28.125,252.0,258.0,,0,,0,,0,0
110,1099,14,43,26.25,28.125,258.0,264.0,,0,,0,,0,0
110,1099,14,44,26.25,28.125,264.0,270.0,,0,,0,,0,0
110,1099,14,45,26.25,28.125,270.0,276.0,3.2088941555578954,1,,0,3.0495571930347074,1,0
110,1099,14,46,26.25,28.125,276.0,282.0,,0,,0,,0,0
110,1099,14,47,26.25,28.125,282.0,288.0,,0,,0,,0,0
110,1099,14,48,26.25,28.125,288.0,294.0,,0,,0,,0,0
110,1099,14,49,26.25,28.125,294.0,300.0,,0,,0,,0,0
110,1099,14,50,26.25,28.125,300.0,306.0,,0,,0,,0,0
110,1099,14,51,26.25,28.125,306.0,312.0,,0,,0,,0,0
110,1099,14,52,26.25,28.125,312.0,318.0,,0,,0,,0,0
110,1099,14,53,26.25,28.125,318.0,324.0,,0,,0,,0,0
110,1099,14,54,26.25,28.125,324.0,330.0,,0,,0,,0,0
110,1099,14,55,26.25,28.125,330.0,336.0,,0,,0,,0,0
110,1099,14,56,26.25,28.125,336.0,342.0,,0,,0,,0,0
110,1099,14,57,26.25,28.125,342.0,348.0,,0,,0,,0,0
110,1099,14,58,26.25,28.125,348.0,354.0,,0,,0,,0,0
110,1099,14,59,26.25,28.125,354.0,360.0,,0,,0,,0,0
110,1099,15,0,28.125,30.0,0.0,6.0,,0,,0,,0,0
110,1099,15,1,28.125,30.0,6.0,12.0,,0,,0,,0,0
110,1099,15,2,28.125,30.0,12.0,18.0,,0,,0,,0,0
110,1099,15,3,28.125,30.0,18.0,24.0,,0,,0,,0,0
110,1099,15,4,28.125,30.0,24.0,30.0,,0,,0,,0,0
110,1099,15,5,28.125,30.0,30.0,36.0,,0,,0,,0,0
110,1099,15,6,28.125,30.0,36.0,42.0,,0,,0,,0,0
110,1099,15,7,28.125,30.0,42.0,48.0,,0,,0,,0,0
110,1099,15,8,28.125,30.0,48.0,54.0,,0,,0,,0,0
110,1099,15,9,28.125,30.0,54.0,60.0,,0,,0,,0,0
110,1099,15,10,28.125,30.0,60.0,66.0,,0,,0,,0,0
110,1099,15,11,28.125,30.0,66.0,72.0,,0,,0,,0,0
110,1099,15,12,28.125,30.0,72.0,78.0,,0,,0,,0,0
110,1099,15,13,28.125,30.0,78.0,84.0,,0,,0,,0,0
110,1099,15,14,28.125,30.0,84.0,90.0,,0,,0,,0,0
110,1099,15,15,28.125,30.0,90.0,96.0,,0,,0,,0,0
110,1099,15,16,28.125,30.0,96.0,102.0,,0,,0,,0,0
110,1099,15,17,28.125,30.0,102.0,108.0,,0,,0,,0,0
110,1099,15,18,28.125,30.0,108.0,114.0,,0,,0,,0,0
110,1099,15,19,28.125,30.0,114.0,120.0,,0,,0,,0,0
110,1099,15,20,28.125,30.0,120.0,126.0,,0,,0,,0,0
110,1099,15,21,28.125,30.0,126.0,132.0,,0,,0,,0,0
110,1099,15,22,28.125,30.0,132.0,138.0,,0,,0,,0,0
110,1099,15,23,28.125,30.0,138.0,144.0,,0,,0,,0,0
110,1099,15,24,28.125,30.0,144.0,150.0,,0,,0,,0,0
110,1099,15,25,28.125,30.0,150.0,156.0,,0,,0,,0,0
110,1099,15,26,28.125,30.0,156.0,162.0,,0,,0,,0,0
110,1099,15,27,28.125,30.0,162.0,168.0,,0,,0,,0,0
110,1099,15,28,28.125,30.0,168.0,174.0,,0,,0,,0,0
110,1099,15,29,28.125,30.0,174.0,180.0,,0,,0,,0,0
110,1099,15,30,28.125,30.0,180.0,186.0,,0,,0,,0,0
110,1099,15,31,28.125,30.0,186.0,192.0,,0,,0,,0,0
110,1099,15,32,28.125,30.0,192.0,198.0,,0,,0,,0,0
110,1099,15,33,28.125,30.0,198.0,204.0,,0,,0,,0,0
110,1099,15,34,28.125,30.0,204.0,210.0,,0,,0,,0,0
110,1099,15,35,28.125,30.0,210.0,216.0,,0,,0,,0,0
110,1099,15,36,28.125,30.0,216.0,222.0,,0,,0,,0,0
110,1099,15,37,28.125,30.0,222.0,228.0,,0,,0,,0,0
110,1099,15,38,28.125,30.0,228.0,234.0,,0,,0,,0,0
110,1099,15,39,28.125,30.0,234.0,240.0,,0,,0,,0,0
110,1099,15,40,28.125,30.0,240.0,246.0,,0,,0,,0,0
110,1099,15,41,28.125,30.0,246.0,252.0,,0,,0,,0,0
110,1099,15,42,28.125,30.0,252.0,258.0,,0,,0,,0,0
110,1099,15,43,28.125,30.0,258.0,264.0,,0,,0,,0,0
110,1099,15,44,28.125,30.0,264.0,270.0,,0,,0,,0,0
110,1099,15,45,28.125,30.0,270.0,276.0,3.1784618448582673,1,2.0133265040874635,1,3.0722102535555846,1,1
110,1099,15,46,28.125,30.0,276.0,282.0,,0,,0,,0,0
110,1099,15,47,28.125,30.0,282.0,288.0,,0,,0,,0,0
110,1099,15,48,28.125,30.0,288.0,294.0,,0,,0,,0,0
110,1099,15,49,28.125,30.0,294.0,300.0,,0,,0,,0,0
110,1099,15,50,28.125,30.0,300.0,306.0,,0,,0,,0,0
110,1099,15,51,28.125,30.0,306.0,312.0,,0,,0,,0,0
110,1099,15,52,28.125,30.0,312.0,318.0,,0,,0,,0,0
110,1099,15,53,28.125,30.0,318.0,324.0,,0,,0,,0,0
110,1099,15,54,28.125,30.0,324.0,330.0,,0,,0,,0,0
110,1099,15,55,28.125,30.0,330.0,336.0,,0,,0,,0,0
110,1099,15,56,28.125,30.0,336.0,342.0,,0,,0,,0,0
110,1099,15,57,28.125,30.0,342.0,348.0,,0,,0,,0,0
110,1099,15,58,28.125,30.0,348.0,354.0,,0,,0,,0,0
110,1099,15,59,28.125,30.0,354.0,360.0,,0,,0,,0,0
