record_type,dataset,label,queries,lower_weight,upper_weight,recall_at_1_percent,recall_at_5_percent,delta_r1_from_equal_pp
condition,ih_native,IH native,320,0.0,1.0,65.625000000,85.625000000,-4.062500000
condition,ih_native,IH native,320,0.1,0.9,66.250000000,86.875000000,-3.437500000
condition,ih_native,IH native,320,0.2,0.8,67.812500000,87.500000000,-1.875000000
condition,ih_native,IH native,320,0.3,0.7,69.062500000,86.875000000,-0.625000000
condition,ih_native,IH native,320,0.4,0.6,69.687500000,86.562500000,0.000000000
condition,ih_native,IH native,320,0.5,0.5,69.687500000,85.937500000,0.000000000
condition,ih_native,IH native,320,0.6,0.4,69.062500000,85.000000000,-0.625000000
condition,ih_native,IH native,320,0.7,0.3,68.125000000,83.437500000,-1.562500000
condition,ih_native,IH native,320,0.8,0.2,66.250000000,82.500000000,-3.437500000
condition,ih_native,IH native,320,0.9,0.1,65.312500000,81.875000000,-4.375000000
condition,ih_native,IH native,320,1.0,0.0,64.687500000,80.625000000,-5.000000000
condition,ih_gravity,IH +G,320,0.0,1.0,65.937500000,85.937500000,-2.812500000
condition,ih_gravity,IH +G,320,0.1,0.9,66.562500000,86.250000000,-2.187500000
condition,ih_gravity,IH +G,320,0.2,0.8,68.750000000,86.875000000,0.000000000
condition,ih_gravity,IH +G,320,0.3,0.7,69.375000000,86.875000000,0.625000000
condition,ih_gravity,IH +G,320,0.4,0.6,69.062500000,85.625000000,0.312500000
condition,ih_gravity,IH +G,320,0.5,0.5,68.750000000,84.375000000,0.000000000
condition,ih_gravity,IH +G,320,0.6,0.4,69.062500000,82.812500000,0.312500000
condition,ih_gravity,IH +G,320,0.7,0.3,68.437500000,82.812500000,-0.312500000
condition,ih_gravity,IH +G,320,0.8,0.2,65.937500000,80.937500000,-2.812500000
condition,ih_gravity,IH +G,320,0.9,0.1,64.687500000,80.937500000,-4.062500000
condition,ih_gravity,IH +G,320,1.0,0.0,64.062500000,80.312500000,-4.687500000
condition,ch_native,CH native,148,0.0,1.0,44.594594595,68.918918919,-4.054054054
condition,ch_native,CH native,148,0.1,0.9,46.621621622,69.594594595,-2.027027027
condition,ch_native,CH native,148,0.2,0.8,50.000000000,68.918918919,1.351351351
condition,ch_native,CH native,148,0.3,0.7,51.351351351,70.270270270,2.702702703
condition,ch_native,CH native,148,0.4,0.6,52.027027027,68.918918919,3.378378378
condition,ch_native,CH native,148,0.5,0.5,48.648648649,71.621621622,0.000000000
condition,ch_native,CH native,148,0.6,0.4,47.297297297,69.594594595,-1.351351351
condition,ch_native,CH native,148,0.7,0.3,44.594594595,68.918918919,-4.054054054
condition,ch_native,CH native,148,0.8,0.2,42.567567568,66.216216216,-6.081081081
condition,ch_native,CH native,148,0.9,0.1,41.216216216,63.513513514,-7.432432432
condition,ch_native,CH native,148,1.0,0.0,37.162162162,60.810810811,-11.486486486
condition,ch_gravity,CH +G,148,0.0,1.0,56.081081081,83.108108108,-5.405405405
condition,ch_gravity,CH +G,148,0.1,0.9,58.108108108,85.135135135,-3.378378378
condition,ch_gravity,CH +G,148,0.2,0.8,60.810810811,83.108108108,-0.675675676
condition,ch_gravity,CH +G,148,0.3,0.7,64.189189189,87.162162162,2.702702703
condition,ch_gravity,CH +G,148,0.4,0.6,64.189189189,88.513513514,2.702702703
condition,ch_gravity,CH +G,148,0.5,0.5,61.486486486,87.837837838,0.000000000
condition,ch_gravity,CH +G,148,0.6,0.4,62.162162162,85.135135135,0.675675676
condition,ch_gravity,CH +G,148,0.7,0.3,60.135135135,84.459459459,-1.351351351
condition,ch_gravity,CH +G,148,0.8,0.2,60.810810811,83.783783784,-0.675675676
condition,ch_gravity,CH +G,148,0.9,0.1,58.783783784,81.756756757,-2.702702703
condition,ch_gravity,CH +G,148,1.0,0.0,56.756756757,80.405405405,-4.729729730
condition,h1_h2,H1→H2 +G,58,0.0,1.0,32.758620690,58.620689655,-6.896551724
condition,h1_h2,H1→H2 +G,58,0.1,0.9,39.655172414,60.344827586,0.000000000
condition,h1_h2,H1→H2 +G,58,0.2,0.8,43.103448276,65.517241379,3.448275862
condition,h1_h2,H1→H2 +G,58,0.3,0.7,48.275862069,70.689655172,8.620689655
condition,h1_h2,H1→H2 +G,58,0.4,0.6,43.103448276,70.689655172,3.448275862
condition,h1_h2,H1→H2 +G,58,0.5,0.5,39.655172414,70.689655172,0.000000000
condition,h1_h2,H1→H2 +G,58,0.6,0.4,37.931034483,72.413793103,-1.724137931
condition,h1_h2,H1→H2 +G,58,0.7,0.3,37.931034483,72.413793103,-1.724137931
condition,h1_h2,H1→H2 +G,58,0.8,0.2,36.206896552,70.689655172,-3.448275862
condition,h1_h2,H1→H2 +G,58,0.9,0.1,36.206896552,68.965517241,-3.448275862
condition,h1_h2,H1→H2 +G,58,1.0,0.0,34.482758621,70.689655172,-5.172413793
condition,h1_v1,H1→V1 +G,57,0.0,1.0,42.105263158,82.456140351,-3.508771930
condition,h1_v1,H1→V1 +G,57,0.1,0.9,49.122807018,85.964912281,3.508771930
condition,h1_v1,H1→V1 +G,57,0.2,0.8,52.631578947,84.210526316,7.017543860
condition,h1_v1,H1→V1 +G,57,0.3,0.7,54.385964912,82.456140351,8.771929825
condition,h1_v1,H1→V1 +G,57,0.4,0.6,50.877192982,82.456140351,5.263157895
condition,h1_v1,H1→V1 +G,57,0.5,0.5,45.614035088,82.456140351,0.000000000
condition,h1_v1,H1→V1 +G,57,0.6,0.4,47.368421053,82.456140351,1.754385965
condition,h1_v1,H1→V1 +G,57,0.7,0.3,43.859649123,80.701754386,-1.754385965
condition,h1_v1,H1→V1 +G,57,0.8,0.2,40.350877193,80.701754386,-5.263157895
condition,h1_v1,H1→V1 +G,57,0.9,0.1,38.596491228,77.192982456,-7.017543860
condition,h1_v1,H1→V1 +G,57,1.0,0.0,36.842105263,75.438596491,-8.771929825
condition,nc_gravity,NC +G,60,0.0,1.0,96.666666667,100.000000000,0.000000000
condition,nc_gravity,NC +G,60,0.1,0.9,96.666666667,100.000000000,0.000000000
condition,nc_gravity,NC +G,60,0.2,0.8,96.666666667,100.000000000,0.000000000
condition,nc_gravity,NC +G,60,0.3,0.7,96.666666667,100.000000000,0.000000000
condition,nc_gravity,NC +G,60,0.4,0.6,96.666666667,100.000000000,0.000000000
condition,nc_gravity,NC +G,60,0.5,0.5,96.666666667,100.000000000,0.000000000
condition,nc_gravity,NC +G,60,0.6,0.4,96.666666667,100.000000000,0.000000000
condition,nc_gravity,NC +G,60,0.7,0.3,96.666666667,100.000000000,0.000000000
condition,nc_gravity,NC +G,60,0.8,0.2,96.666666667,100.000000000,0.000000000
condition,nc_gravity,NC +G,60,0.9,0.1,96.666666667,100.000000000,0.000000000
condition,nc_gravity,NC +G,60,1.0,0.0,95.000000000,100.000000000,-1.666666667
macro,macro_unweighted,Seven-condition macro average,,0.0,1.0,57.681246599,80.666622433,-3.819969016
macro,macro_unweighted,Seven-condition macro average,,0.1,0.9,60.426696547,82.023495657,-1.074519068
macro,macro_unweighted,Seven-condition macro average,,0.2,0.8,62.825000672,82.304256389,1.323785057
macro,macro_unweighted,Seven-condition macro average,,0.3,0.7,64.758076313,83.475461137,3.256860698
macro,macro_unweighted,Seven-condition macro average,,0.4,0.6,63.659074877,83.252246851,2.157859263
macro,macro_unweighted,Seven-condition macro average,,0.5,0.5,61.501215615,83.273964998,0.000000000
macro,macro_unweighted,Seven-condition macro average,,0.6,0.4,61.364368809,82.487451883,-0.136846806
macro,macro_unweighted,Seven-condition macro average,,0.7,0.3,59.964225715,81.820560838,-1.536989900
macro,macro_unweighted,Seven-condition macro average,,0.8,0.2,58.398616970,80.689844223,-3.102598645
macro,macro_unweighted,Seven-condition macro average,,0.9,0.1,57.352864921,79.177324281,-4.148350694
macro,macro_unweighted,Seven-condition macro average,,1.0,0.0,55.570540400,78.325995411,-5.930675214
